continent,iata
OC,UTK
NA,OCA
NA,PQS
NA,CSE
NA,JCY
NA,PMX
NA,WLR
NA,NUP
NA,PTC
NA,ICY
NA,PPV
NA,KKK
NA,MHS
NA,NIR
NA,GCT
NA,ELW
NA,LVD
NA,HGZ
NA,OTN
NA,TLF
NA,BZT
NA,HBH
NA,FAK
NA,BYW
NA,DRF
NA,BDF
NA,VRS
NA,GDH
NA,ATT
NA,LIV
NA,PDB
NA,KOZ
NA,TNK
NA,EVA
NA,WHD
NA,MNT
NA,TKI
NA,WKK
NA,WFB
NA,NNK
NA,BKF
NA,BCS
NA,SPQ
NA,TSS
NA,QNY
NA,BWL
NA,WYB
NA,CWS
NA,TEK
NA,DUF
NA,SSW
NA,FOB
NA,PUL
NA,CCD
NA,WMK
NA,AXB
NA,REE
NA,WDN
NA,WWP
NA,CHU
NA,UGS
NA,MXG
NA,PSQ
NA,KLL
NA,SGW
NA,WTL
NA,TWA
NA,KCQ
AF,AAD
OC,ABP
OC,ABW
EU,ALV
OC,ADC
AF,ADV
AS,DJH
AF,AEE
EU,AEI
OC,AEK
AS,AEQ
AS,URZ
AS,OLR
AS,AFK
OC,AFR
OC,AFT
OC,RNA
OC,ATD
OC,VEV
OC,GEF
OC,AGG
OC,AKS
OC,BNY
OC,CHY
OC,BAS
OC,FRE
OC,HIR
OC,MBU
OC,AVU
OC,IRA
OC,SCZ
OC,MUA
OC,GZO
OC,MNY
OC,PRS
OC,OTV
OC,RNL
OC,EGM
OC,NNB
OC,RUS
OC,VAO
OC,XYA
OC,AGK
OC,KGE
OC,KUE
OC,KWS
OC,AGL
OC,NAZ
OC,RIN
OC,RBV
OC,TLG
OC,AGY
AS,AHJ
NA,AHT
AF,AHY
OC,AIE
OC,AIH
OC,AIC
NA,CEX
NA,SOL
NA,HED
NA,TWE
NA,KTH
NA,NKI
NA,LNI
NA,CDL
NA,AOS
NA,BSZ
NA,BSW
AF,AKM
NA,TGE
NA,ALZ
NA,PPE
AF,AME
OC,AMF
OC,AMU
AF,AMY
OC,ANH
OC,INU
OC,ANZ
AF,ANL
AF,CNZ
AF,DRC
AF,GGC
AF,JMB
AF,KNP
AF,NDF
OC,AOA
OC,AOB
AF,AOD
OC,APP
OC,APR
AN,QET
NA,AQY
SA,QRF
SA,CVI
SA,CNT
SA,VGS
SA,LMD
SA,SZQ
SA,VCF
SA,NCJ
SA,CPG
SA,PRQ
SA,OLN
OC,ARP
NA,ARX
OC,TAV
OC,ASZ
OC,ATN
OC,ATP
OC,LYT
OC,AGW
OC,AYD
OC,BYX
OC,COB
OC,CRJ
OC,CRY
OC,CSD
OC,DYM
OC,HIS
OC,HLV
OC,KBD
OC,KGR
OC,MWY
OC,MYO
OC,OKB
OC,PEP
OC,RDA
OC,SSK
OC,SWB
OC,TPR
OC,TWP
OC,ZVG
OC,AUI
OC,AUJ
OC,AUP
OC,AUV
AF,AWE
OC,AWR
AS,AXF
OC,KPM
OC,BUA
OC,BRP
OC,CMU
OC,MDM
OC,KPF
OC,DNU
OC,DOI
OC,DAU
OC,EMS
OC,XYR
OC,EPT
OC,EGA
OC,EMO
OC,ERU
OC,MFZ
OC,FRQ
OC,FAQ
OC,FUM
OC,GKA
OC,GUG
OC,GRL
OC,GUR
OC,GAP
OC,PNP
OC,GBC
OC,HBD
OC,HNI
OC,HNN
OC,HKN
OC,HIT
OC,IMN
OC,KGM
OC,IMD
OC,IAL
OC,WIU
OC,KGH
OC,LSA
OC,KPA
OC,UNG
OC,KNE
OC,KRI
OC,KMA
OC,KRX
OC,KIE
OC,KUQ
OC,KVG
OC,LNV
OC,LAB
OC,LWI
OC,LPN
OC,LNG
OC,LSJ
AS,AYM
OC,MRM
OC,OBM
OC,MAG
OC,HGU
OC,GUV
OC,MDU
OC,MAS
OC,MXH
OC,MIS
OC,MWG
OC,NKN
OC,GBF
OC,MFO
OC,KSB
OC,NMN
OC,NBA
OC,LAE
OC,KGB
OC,OKP
OC,HOC
OC,KCJ
OC,KDE
OC,OPB
OC,PGB
OC,PGN
OC,MPF
OC,PMN
OC,POM
OC,SPH
OC,SXA
OC,RMN
OC,KMR
OC,MWI
OC,MRH
OC,SBE
OC,NIS
OC,SIL
OC,SBV
OC,SIM
OC,SBC
OC,SPV
OC,SXW
OC,MBV
OC,TIZ
OC,TBG
OC,TPI
OC,RAB
OC,TKW
OC,TEP
OC,TSW
OC,TRJ
OC,TWY
OC,TKB
OC,AYU
OC,UMC
OC,URU
OC,UPR
OC,UVO
OC,TLW
OC,TCJ
OC,VAI
OC,TON
OC,WAO
OC,WBM
OC,WAJ
OC,WWK
OC,WOA
OC,WKN
OC,WSU
OC,WTP
OC,WUG
OC,YVD
OC,SMJ
OC,WEP
AS,AYY
OC,KYX
OC,KSX
NA,AYZ
OC,WUM
AS,ZXT
NA,HAE
OC,AZB
OC,BAJ
OC,BAP
NA,BKG
NA,BCJ
OC,BCP
AF,BCW
OC,BCZ
NA,ILL
OC,BDZ
OC,BEA
EU,BER
EU,HKV
EU,JAM
NA,JEG
NA,AOQ
NA,AGM
NA,LLU
NA,QGQ
NA,UAK
NA,JCH
NA,CNP
NA,DUN
NA,QFG
NA,GOH
NA,JGO
NA,QFI
NA,QRY
NA,XIQ
NA,IUI
NA,IOQ
NA,QJI
NA,JJU
NA,JAV
NA,QPW
NA,KUS
NA,KUZ
NA,KHQ
NA,KGQ
NA,QJE
NA,JSU
NA,JNN
NA,JNS
NA,NIQ
NA,NSQ
AF,BGP
NA,JFR
NA,QQT
NA,NAQ
NA,OBY
NA,SFJ
NA,SRK
NA,QOQ
NA,JHS
NA,SVR
NA,TQA
NA,THU
NA,TQI
NA,JUV
NA,UMD
NA,JQA
NA,JUK
NA,BHL
OC,BHT
EU,AEY
EU,BIU
EU,BGJ
EU,BJD
EU,BLO
EU,BQD
EU,BXV
EU,DJU
EU,EGS
EU,FAS
EU,FAG
EU,GUU
EU,GJR
EU,GRY
EU,HVK
EU,HFN
EU,FLI
EU,HZK
EU,HVM
EU,HLO
EU,IFJ
OC,BIJ
EU,KEF
EU,OPA
EU,SAK
EU,NOR
EU,OFJ
EU,PFJ
EU,RHA
EU,OLI
EU,RFN
EU,RKV
EU,MVA
EU,SIJ
EU,SYK
EU,TEY
EU,THO
EU,VEY
EU,VPN
OC,BIZ
AF,BJE
AS,BJQ
AS,BJT
EU,PRN
OC,BMH
AF,BMQ
OC,BMZ
NA,BNF
OC,BNM
AS,BNQ
OC,BNT
OC,BNV
OC,BNZ
SA,RBQ
SA,BVL
NA,BOF
NA,BOK
OC,BOQ
OC,BOT
OC,BOV
OC,BPF
NA,BQV
SA,TUZ
SA,ALT
SA,SWM
NA,BRG
NA,NSB
OC,BSP
AF,BSV
OC,BUL
OC,BVP
AF,BVR
AF,HUK
OC,BWJ
OC,BWP
OC,BXL
OC,BXZ
NA,BYA
AF,BYL
AS,BYV
NA,BCV
NA,BGK
NA,CUK
NA,CYC
NA,CZH
NA,DGA
NA,INB
NA,MDB
NA,ORZ
NA,PLJ
NA,PND
NA,SJX
NA,SPR
NA,SQS
NA,STU
NA,SVK
NA,TZA
AF,BZB
AF,BZM
NA,BZS
NA,YYS
NA,YLM
NA,YGY
NA,YUJ
NA,YWO
NA,YAD
NA,YMD
NA,YDE
NA,YYI
NA,YSV
NA,YTJ
NA,YWN
NA,YRR
NA,YMV
NA,YBW
NA,YTP
NA,YBM
NA,ZAA
NA,ZNA
NA,YZZ
NA,YMB
NA,YHH
NA,YWS
NA,YBF
NA,YIG
NA,CJH
NA,YPT
NA,ZOF
NA,YCA
NA,CFQ
NA,YAA
NA,DGF
NA,JHL
NA,ZTS
NA,DUQ
NA,YPI
NA,YHS
NA,YKK
NA,WPL
NA,XQU
NA,YMP
NA,YRN
NA,YTG
NA,YMU
NA,YAV
NA,YSX
NA,YGG
NA,YTB
NA,YZA
NA,ZEL
OC,CBC
NA,YTX
NA,YPB
NA,YBO
NA,TNS
NA,TUX
NA,YWM
NA,YSO
NA,YBI
NA,YFX
NA,YHA
NA,YRG
NA,DVK
NA,JOJ
NA,ZFW
NA,YJP
NA,YLE
NA,YGC
NA,YDC
NA,NML
NA,CFM
NA,ZSP
NA,GSL
NA,XMP
NA,DAS
NA,YFI
NA,YFJ
NA,YOE
NA,TIL
AF,OKG
NA,CGA
OC,CGC
AS,CGG
NA,GHK
AF,CGT
NA,CHP
NA,CIV
NA,LRQ
NA,YDJ
NA,YDU
NA,YFL
NA,XCL
NA,YKE
NA,SUR
NA,CKD
NA,YTT
NA,YAX
NA,WNN
NA,YBS
NA,YNO
NA,CKR
NA,CKU
NA,YDW
NA,CKX
NA,CLC
NA,CLG
SA,CMT
AF,CMZ
AS,TVS
AS,INC
AS,YNT
AS,YUA
AS,ZQZ
AS,BSD
AS,DZU
AS,LNJ
AS,RKZ
AS,PZI
AS,ZKL
AS,FUO
AS,BZX
AS,XAI
AS,HUZ
AS,HSC
AS,JGS
AS,AEB
AS,DOY
AS,XEN
AS,AAT
AS,THQ
AS,YZY
AS,DDG
AS,NTG
NA,XBE
NA,YNP
NA,YWR
NA,YPD
NA,XBR
NA,KIF
NA,YOG
SA,PRM
SA,ARQ
SA,LCR
SA,SNT
SA,TCD
NA,YEB
OC,CPI
NA,YSI
NA,YHP
NA,KEW
NA,YSA
NA,YLS
NA,YNX
NA,SSQ
NA,YKU
NA,EHT
NA,ZTB
NA,ZKG
NA,YWQ
NA,YAU
NA,TR7
NA,ZGS
NA,YFG
NA,YGA
NA,ZLT
NA,PST
AS,CUJ
NA,HLI
OC,CVL
NA,CVR
NA,CXC
AS,GEC
AS,NIC
NA,YAB
NA,YAC
NA,YAR
NA,YAG
NA,YAH
NA,YAL
NA,YAM
NA,XKS
NA,YKG
NA,YAT
NA,YAY
NA,YAZ
NA,YBA
NA,YBB
NA,YBC
NA,QBC
NA,YBE
NA,YBY
NA,YBG
NA,YBK
NA,YBL
NA,XTL
NA,YBR
NA,YBT
NA,YBV
NA,YBX
NA,YRF
NA,YCB
NA,YCC
NA,YCD
NA,YCE
NA,YCG
NA,YCH
NA,XCM
NA,YCL
NA,YCN
NA,YCO
NA,YCQ
NA,YCR
NA,YCS
NA,YCT
NA,YCV
NA,YCW
NA,YCY
NA,YCZ
NA,YDA
NA,YDB
NA,YDF
NA,YDL
NA,XRR
NA,YDN
NA,YDO
NA,YDP
NA,YDQ
NA,YEG
NA,YEK
NA,YEL
NA,YEM
NA,YEN
NA,YER
NA,YET
NA,YEU
NA,YEV
NA,YEY
NA,YFA
NA,YFB
NA,YFC
NA,YFE
NA,YFH
NA,YTM
NA,YFO
NA,YFR
NA,YFS
NA,YMN
NA,YGB
NA,YGH
NA,YGK
NA,YGL
NA,YGM
NA,YGO
NA,YGP
NA,YGQ
NA,YGR
NA,YGT
NA,YGV
NA,YGW
NA,YGX
NA,YGZ
NA,YQC
NA,YHB
NA,CXH
NA,YHD
NA,YHE
NA,YHF
NA,YNS
NA,YHI
NA,YHK
NA,YHM
NA,YHN
NA,YHO
NA,YHR
NA,YHT
NA,YHU
NA,YHY
NA,YHZ
NA,YIB
NA,YDG
NA,YIF
NA,YIK
NA,YIO
NA,YIV
NA,YJA
NA,YJF
NA,YJN
NA,YJT
NA,YKA
NA,YKC
NA,LAK
NA,YKF
NA,YWB
NA,YKJ
NA,YKL
NA,YKD
NA,AKV
NA,YKQ
NA,YKX
NA,YKY
NA,YKZ
NA,YPJ
NA,YLB
NA,YLC
NA,YLD
NA,YLH
NA,YLJ
NA,YSG
NA,YLL
NA,YLQ
NA,YLR
NA,YLK
NA,YLT
NA,XGR
NA,YLW
NA,CYM
NA,YMA
NA,YME
NA,YMG
NA,YMH
NA,YMJ
NA,YML
NA,YMM
NA,YMO
NA,YMT
NA,YUD
NA,YMW
NA,YMX
NA,YNA
NA,YNC
NA,YND
NA,YNE
NA,YNH
NA,YLY
NA,YNL
NA,YNM
NA,HZP
NA,YOA
NA,YOC
NA,YOD
NA,YOH
NA,YOJ
NA,YOO
NA,YOP
NA,YOS
NA,YOW
NA,YOY
NA,YPA
NA,YPC
NA,YPS
NA,YPE
NA,YPG
NA,YPH
NA,YPL
NA,YPM
NA,YPN
NA,YPO
NA,YPQ
NA,YPR
NA,YPW
NA,YPX
NA,YPY
NA,YPZ
NA,YQA
NA,YQB
NA,YQD
NA,YQF
NA,YQG
NA,YQH
NA,YQI
NA,YQK
NA,YQL
NA,YQM
NA,YQN
NA,YQQ
NA,YQR
NA,YQS
NA,YQT
NA,YQU
NA,YQV
NA,YQW
NA,YQX
NA,YQY
NA,YQZ
NA,YRA
NA,YRB
NA,YRI
NA,YRJ
NA,YRL
NA,YRM
NA,YRO
NA,YRQ
NA,YRS
NA,YRT
NA,YRV
NA,YSB
NA,YSC
NA,YSD
NA,YSE
NA,YSF
NA,YSH
NA,YSJ
NA,YSK
NA,YSL
NA,YSM
NA,YCM
NA,YSP
NA,YST
NA,YSU
NA,YSY
NA,YTA
NA,YTE
NA,YTF
NA,YTH
NA,YTL
NA,YTQ
NA,YTR
NA,YTS
NA,YTZ
NA,YUB
NA,YUL
NA,YUT
NA,YUX
NA,YUY
NA,YVB
NA,YVC
NA,YVG
NA,YVE
NA,YCK
NA,YVM
NA,YVO
NA,YVP
NA,YVQ
NA,YVR
NA,YVT
NA,YVV
NA,YVZ
NA,YWA
NA,YWG
NA,YWH
NA,YWJ
NA,YWK
NA,YWL
NA,YWP
NA,YWY
NA,YXC
NA,YXD
NA,YXE
NA,YXH
NA,YXI
NA,YXJ
NA,YXK
NA,YXL
NA,YXN
NA,YXP
NA,YXQ
NA,YXR
NA,YXS
NA,YXT
NA,YXU
NA,YXX
NA,YXY
NA,YXZ
NA,YYB
NA,YYC
NA,YYD
NA,YYE
NA,YYF
NA,YYG
NA,YYH
NA,YYJ
NA,YYL
NA,YYM
NA,YYN
NA,YYQ
NA,YYR
NA,YYT
NA,YYU
NA,YYW
NA,YYY
NA,YYZ
NA,YZE
NA,YZF
NA,YZG
NA,YZH
NA,YZP
NA,YZR
NA,YZS
NA,YZT
NA,YZU
NA,YZV
NA,YZW
NA,YZX
NA,ZAC
NA,YSN
NA,YDT
NA,ILF
NA,ZBF
NA,ZBM
NA,KES
NA,ZEM
NA,ZFA
NA,ZFD
NA,XPK
NA,ZFM
NA,ZFN
NA,ZGF
NA,ZGI
NA,ZGR
NA,ZHP
NA,CZJ
NA,ZJG
NA,ZJN
NA,CZK
NA,ZKE
NA,YTD
NA,MSA
NA,ZMH
NA,PIW
NA,ZMT
NA,CZN
NA,XPP
NA,CZO
NA,ZPB
NA,WPC
NA,ZPO
NA,ZRJ
NA,ZSJ
NA,XSI
NA,ZST
NA,ZSW
NA,YDV
NA,ZTM
NA,ZUC
NA,ZUM
NA,XLB
NA,ZWL
NA,IUA
NA,DJN
AF,MQV
AF,QLD
AF,BUJ
AF,BJA
AF,ALG
AF,DJG
AF,VVZ
AF,QSF
AF,TMR
AF,GJL
AF,MZW
AF,AAE
AF,CZL
AF,QMH
AF,SKI
AF,TEE
AF,BLJ
OC,DAF
AF,HRM
AF,QDJ
OC,DAO
AF,TID
AF,TIN
AF,CFK
AF,TAF
AF,TLM
AF,ORN
AF,CBH
AF,BFW
AF,MUW
AF,EBH
AF,INF
AF,BMW
AF,AZR
AF,BSK
AF,ELG
AF,GHA
AF,HME
AF,INZ
AF,TGR
AF,LOO
AF,ELU
AF,TMX
AF,OGX
AF,IAM
AF,COO
AF,DJA
AF,KDC
AF,NAE
AF,PKO
AF,SVF
AS,DBC
AS,DBK
OC,DBP
AS,DBU
AS,DCG
NA,DCK
NA,DCR
OC,DDM
EU,HDB
EU,PHM
EU,PHM
OC,DER
AS,DEX
AF,XKY
AF,OUG
AF,XDJ
AF,XLU
AF,PUP
AF,XBO
AF,XBG
AF,DIP
AF,DOR
AF,FNG
AF,XGG
AF,XKA
AF,TMQ
AF,XPA
AF,ARL
AF,XSE
AF,TEG
AF,XZA
AF,OUA
AF,BNR
AF,DGU
AF,XGA
AF,XNU
AF,BOY
AF,TUQ
AF,XDE
AF,XAR
AF,ACC
OC,DGG
AF,TML
AS,DGM
AF,KMS
AF,NYI
AF,TKD
NA,DHB
EU,DHG
AF,ABO
AF,ABJ
AF,OGO
AF,BXI
AF,BYK
AF,BQO
AF,BDK
AF,DIM
AF,DJO
AF,FEK
AF,GGN
AF,GGO
AF,BBV
AF,HGO
AF,MJC
AF,KEO
AF,OFI
AF,SEO
AF,SPY
AF,ZSS
AF,TXU
AF,TOZ
AS,DIW
AF,ASK
EU,DLR
AF,DKA
AF,ABV
AF,QUO
AF,AKR
AF,ABB
AF,BCU
AF,BNI
AF,CBQ
AF,ENU
AF,IBA
AF,ILR
AF,QOW
AF,JOS
AF,KAD
AF,KAN
AF,MIU
AF,MDI
AF,LOS
AF,MXJ
AF,PHC
AF,SKO
AF,YOL
AF,ZAR
OC,DOO
OC,DOS
NA,DPK
EU,DPT
OC,DPU
AS,DQA
AF,MFQ
AF,NIM
AF,THZ
AF,AJY
AF,RLT
AF,ZND
AS,DSG
AF,TBJ
AF,MIR
AF,TUN
AF,GAF
AF,GAE
AF,DJE
AF,EBM
AF,SFA
AF,TOE
AF,DVD
AS,DWO
AS,DWR
NA,DWS
AF,LRL
AF,LFW
OC,EAL
EU,ANR
EU,BRU
EU,CRL
EU,KJK
EU,LGG
OC,EBO
EU,OST
EU,OBL
SA,MZD
NA,EDA
EU,AOC
EU,HDF
EU,IES
EU,REB
EU,CSO
EU,BBH
EU,ZMG
EU,FNB
EU,CBU
EU,GTI
EU,KOQ
EU,PEF
EU,SXF
EU,DRS
EU,ERF
EU,FRA
EU,FMO
EU,HAM
EU,THF
EU,CGN
EU,DUS
EU,MUC
EU,NUE
EU,LEJ
EU,SCN
EU,STR
EU,TXL
EU,HAJ
EU,BRE
EU,HHN
EU,MHG
EU,EIB
EU,SGE
EU,XFW
EU,KEL
EU,LBC
EU,EUM
EU,FMM
EU,AAH
EU,BNJ
EU,ESS
EU,BFE
EU,MGL
EU,PAD
EU,NRN
EU,DTM
EU,AGB
EU,OBF
EU,RBM
EU,FDH
EU,SZW
EU,BYU
EU,URD
EU,GHF
EU,HOQ
EU,BBJ
EU,ZQW
EU,FKB
EU,ZQL
EU,LHA
EU,BWE
EU,KSF
EU,BRV
EU,XLW
EU,EME
EU,AGE
EU,WVN
EU,JUI
EU,LGO
EU,BMK
EU,NOD
EU,VAC
EU,NRD
EU,BMR
EU,HEI
EU,FLF
EU,HGL
EU,QHU
EU,PSH
EU,GWT
EU,OHR
EU,KDL
EU,URE
EU,EPU
EU,TLL
EU,TAY
EU,ENF
OC,EFG
EU,KEV
EU,HEM
EU,HEL
EU,HYV
EU,KTQ
EU,IVL
EU,JOE
EU,JYV
EU,KAU
EU,KEM
EU,KAJ
EU,KHJ
EU,KOK
EU,KAO
EU,KTT
EU,KUO
EU,QLF
EU,LPP
EU,MHQ
EU,MIK
EU,OUL
EU,POR
EU,RVN
EU,SVL
EU,SJY
EU,SOT
EU,TMP
EU,TKU
EU,UTI
EU,VAA
EU,VRK
EU,YLI
AS,AUE
EU,BFS
EU,ENK
EU,BHD
EU,LDY
EU,BHX
EU,CVT
EU,GLO
EU,ORM
EU,NQT
EU,GBA
EU,MAN
EU,DSA
EU,UPV
EU,LYE
EU,YEO
EU,CAL
EU,EOI
EU,FIE
EU,WHS
EU,COL
EU,NRL
EU,OBN
EU,PPW
EU,SOY
EU,NDY
EU,LWK
EU,WRY
EU,CSA
EU,HAW
EU,CWL
EU,SWS
EU,BRS
EU,LPL
EU,LTN
EU,LEQ
EU,PLH
EU,ISC
EU,BOH
EU,SOU
EU,BBP
EU,PZE
EU,NQY
EU,QUG
EU,ACI
EU,GCI
EU,JER
EU,ESH
EU,BQH
EU,LGW
EU,WEM
EU,KRH
EU,LCY
EU,FAB
EU,BBS
EU,LHR
EU,SEN
EU,LYX
EU,MSE
EU,LYM
EU,CAX
EU,BLK
EU,HUY
EU,BWF
EU,LBA
EU,WRT
EU,CEG
EU,IOM
EU,NCL
EU,MME
EU,EMA
EU,VLY
EU,KOI
EU,LSI
EU,WIC
EU,ABZ
EU,INV
EU,GLA
EU,EDI
EU,ILY
EU,PIK
EU,BEB
EU,SCS
EU,DND
EU,SYY
EU,BRR
EU,PSL
EU,TRE
EU,UNT
EU,FSS
EU,ADX
EU,LMO
EU,CBG
EU,NWI
EU,STN
EU,HYC
EU,EXT
EU,FZO
EU,OXF
EU,RCS
EU,UHF
EU,BEX
EU,LKZ
EU,MHZ
EU,QUY
EU,FFD
EU,PME
EU,BWY
EU,BZZ
EU,ODH
EU,NHT
EU,AYH
EU,GSY
EU,QCY
EU,BEQ
EU,OKH
EU,SQZ
EU,HRT
EU,WTN
EU,CLF
EU,KNF
SA,MPN
EU,AMS
EU,MST
EU,EIN
EU,GRQ
EU,GLZ
EU,DHR
EU,LEY
EU,LWR
EU,RTM
EU,UTC
EU,ENS
EU,LID
EU,WOE
EU,BYT
EU,BLY
EU,NNR
EU,CLB
EU,ORK
EU,GWY
EU,CFN
EU,DUB
EU,IOR
EU,INQ
EU,KKY
EU,NOC
EU,KIR
EU,LTR
EU,IIA
EU,SNN
EU,SXL
EU,WAT
AS,EJN
OC,EJT
EU,AAR
EU,BLL
EU,CPH
EU,EBJ
EU,KRP
EU,BYR
EU,MRW
EU,ODE
EU,RKE
EU,RNN
EU,SGD
EU,CNL
EU,SKS
EU,SQW
EU,TED
EU,FAE
EU,STA
EU,AAL
EU,LUX
NA,EMR
EU,AES
EU,ANX
EU,ALF
EU,FDE
EU,BNN
EU,BOO
EU,BGO
EU,BJF
EU,BVG
EU,KRS
EU,DLD
EU,BDU
EU,EVE
EU,FBU
EU,VDB
EU,FRO
EU,OSL
EU,HMR
EU,HAU
EU,HFT
EU,HAA
EU,HVG
EU,QKX
EU,KSU
EU,GLL
EU,KKN
EU,FAN
EU,LKN
EU,MEH
EU,MOL
EU,MJF
EU,LKL
EU,NVK
EU,OSY
EU,NTB
EU,OLA
EU,HOV
EU,MQN
EU,RVK
EU,RRS
EU,RET
EU,RYG
EU,LYR
EU,SDN
EU,SOG
EU,SVJ
EU,SKN
EU,SKE
EU,SRP
EU,SOJ
EU,VAW
EU,SSJ
EU,TOS
EU,TRF
EU,TRD
EU,VDS
EU,VRY
EU,SVG
EU,BXP
EU,BZG
EU,CZW
EU,GDN
EU,KRK
EU,OSZ
EU,KTW
EU,QEO
EU,LCJ
EU,WMI
EU,QYD
EU,POZ
EU,RDO
EU,RZE
EU,SZZ
EU,OSP
EU,SZY
EU,WAW
EU,WRO
EU,IEG
AS,ERT
EU,RNB
EU,GOT
EU,JKG
EU,LDK
EU,GSE
EU,KVB
EU,THN
EU,KSK
EU,MXX
EU,NYO
EU,KID
EU,OSK
EU,KLR
EU,MMX
EU,HAD
EU,VXO
EU,EVG
EU,GEV
EU,HUV
EU,KRF
EU,LYC
EU,SDL
EU,OER
EU,KRN
EU,SFT
EU,UME
EU,VHM
EU,AJR
EU,SOO
EU,OSD
EU,ORB
EU,HFS
EU,KSD
EU,VST
NA,ESP
EU,LLA
EU,ARN
EU,BMA
EU,BLE
EU,HLF
EU,GVX
EU,LPI
EU,NRK
EU,TYF
EU,EKT
EU,VBY
EU,VVK
EU,AGH
EU,SQO
EU,IDB
EU,PJA
EU,HMV
AF,GLC
AF,SHC
EU,SPM
EU,RMS
EU,SEX
EU,FRZ
EU,ILH
EU,KZG
EU,FCN
EU,GKE
EU,RLG
EU,WBG
EU,WIE
EU,FEL
EU,IGS
EU,GUT
EU,DGP
EU,LPX
EU,RIX
EU,VNT
EU,EWY
NA,EXI
EU,KUN
EU,PLQ
EU,PNV
EU,SQQ
EU,VNO
NA,RGR
AF,ALJ
AF,AGZ
AF,ADY
AF,BIY
AF,BFN
AF,UTE
AF,ASS
AF,CDO
AF,CPT
AF,DUK
AF,PZL
AF,ELS
AF,EMG
AF,ELL
AF,FCB
AF,GCJ
AF,GRJ
AF,GIY
AF,QRA
AF,HLW
AF,HRS
AF,HDS
AF,KXE
AF,KIM
AF,MQP
AF,KOF
AF,KMH
AF,KLZ
NA,FAL
AF,HLA
AF,LMR
AF,LDZ
AF,DUR
AF,LUJ
AF,LCD
AF,SDB
AF,LAY
AF,AAM
AF,MGH
AF,MEZ
AF,MBD
AF,LLE
AF,MZY
AF,MZQ
AF,NCS
AF,NGL
AF,NLP
AF,OVG
AF,OUH
AF,JNB
AF,AFD
AF,PLZ
AF,PBZ
AF,PHW
AF,JOH
AF,PRK
AF,PZB
AF,NTY
AF,PTG
AF,PCF
AF,UTW
AF,RCB
AF,RVO
AF,ROD
AF,SBU
AF,ZEC
AF,GSS
AF,SIS
AF,SZK
AF,THY
AF,TCU
AF,LTA
AF,ULD
AF,UTN
AF,UTT
AF,VRU
AF,VIR
AF,VRE
AF,VYD
AF,PRY
AF,WKF
AF,FRW
AF,GNZ
AF,JWA
AF,BBK
AF,KHW
AF,LOQ
AF,MUB
AF,ORP
AF,QPH
AF,GBE
AF,SXN
AF,PKW
AF,SVT
AF,SWX
AF,TLD
AF,TBY
AF,BZV
AF,DJM
AF,KNJ
AF,LCO
AF,MUY
AF,SIB
AF,NKY
AF,ANJ
AF,MSX
AF,BOE
AF,OLL
AF,EWO
AF,GMM
AF,ION
AF,KEE
AF,MKJ
AF,FTX
AF,SOE
AF,BTB
AF,OUE
AF,KMK
AF,DIS
AF,PNR
AF,MTS
AF,SHO
EU,FEA
AF,CRF
AF,BGF
AF,BGU
AF,IRO
AF,BBY
AF,NDL
AF,BOP
AF,BIV
AF,BSN
AF,BBT
AF,ODA
AF,AIG
AF,IMO
AF,MKI
AF,BTG
AF,GDI
AF,BMF
AF,ODJ
AF,RFA
AF,BCF
AF,BOZ
AF,NBN
AF,BSG
AF,GEM
AF,SSG
AF,ASI
AF,HLE
AF,MRU
AF,RRG
OC,FIN
AS,NKW
AF,NKS
AF,KBI
AF,TKC
AF,DLA
AF,MMF
AF,BLC
AF,KLE
AF,OUR
AF,GXX
AF,MVR
AF,FOM
AF,NGE
AF,BTA
AF,GOU
AF,DSC
AF,BFX
AF,BPC
AF,EBW
AF,YAO
AF,NSI
AF,MMQ
AF,CIP
NA,FLE
AF,JEK
AF,CGJ
AF,KLB
AF,KMZ
AF,KAA
AF,ZKB
AF,LVI
AF,LXU
AF,LUN
AF,MNS
AF,MFU
AF,MNR
AF,ZGM
AF,NLA
AF,RYL
AF,SXG
AF,KIW
AF,SJQ
AF,SLI
NA,FLT
AF,BBZ
OC,ULI
AF,HAH
AF,NWA
AF,YVA
AF,AJN
AF,DZA
AF,RUN
AF,ZSE
AF,WML
AF,ATJ
AF,WAQ
AF,VVB
AF,TNR
AF,JVA
AF,BMD
AF,ZVA
AF,MXT
AF,ILK
AF,TVA
AF,SMS
AF,TMM
AF,WTA
AF,MOQ
AF,WTS
AF,VAT
AF,WAM
AF,DIE
AF,WBE
AF,WMR
AF,ZWA
AF,AMB
AF,WBD
AF,WPB
AF,ANM
AF,HVA
AF,MJN
AF,NOS
AF,DWB
AF,WMP
AF,BPY
AF,WMN
AF,SVB
AF,TTS
AF,VOH
AF,WAI
AF,WMA
AF,IVA
AF,WBO
AF,WMD
AF,FTU
AF,WFI
AF,RVA
AF,IHO
AF,MJA
AF,WVK
AF,OVA
AF,MNJ
AF,TDV
AF,MXM
AF,TLE
AF,VND
AF,BKU
AF,AMP
AF,WAK
AF,AZZ
AF,SSY
AF,BUG
AF,GGC
AF,CAB
AF,CFF
AF,PGI
AF,CBT
AF,CTI
AF,CXM
AF,CAV
AF,DUE
OC,FNE
AF,VPE
AF,NOV
AF,SVP
AF,LBZ
AF,LAD
AF,LZM
AF,MEG
AF,SPP
AF,MSZ
AF,GXG
AF,PBN
AF,VHC
AF,SZA
AF,NDD
AF,UAL
AF,SDD
AF,LUO
AF,UGO
AF,CEO
AF,XGN
AF,ARZ
AF,NZA
AF,BGB
AF,KDN
AF,FOU
AF,MBC
AF,MGX
AF,KDJ
AF,KOU
AF,MJL
AF,OYE
AF,OKN
AF,LBQ
AF,MVX
AF,BMM
AF,MFF
AF,MKB
AF,POG
AF,OMB
AF,IGE
AF,MKU
AF,LBV
AF,MZC
AF,MVB
AF,LTL
AF,ZKM
AF,TCH
AF,MYB
AF,FOY
AF,PCP
AF,TMS
AF,ANO
AF,BEW
AF,FXO
AF,VPY
AF,IHC
AF,INH
AF,VXC
AF,LFB
AF,MPM
AF,MUD
AF,MZB
AF,MNC
AF,APL
AF,POL
AF,PDD
AF,UEL
AF,TET
AF,VNX
AF,VJB
EU,JCA
AF,DES
AF,SEZ
OC,FSL
NA,FSN
AF,PRI
AF,BDI
AF,DEI
AF,FRK
AF,SRH
AF,OGR
AF,AEH
AF,MQQ
AF,LTC
AF,ATV
AF,NDJ
AF,BKR
AF,OTC
AF,MVO
AF,AMC
AF,PLF
AF,OUT
AF,AMO
AF,FYT
OC,FUB
AF,BZH
AF,BUQ
AF,CHJ
AF,BFO
AF,VFA
AF,HRE
AF,KAB
AF,MJW
AF,UTA
AF,MVZ
AF,GWE
AF,HWN
AF,WKI
AF,CEH
AF,BLZ
AF,CMK
AF,DWA
AF,KGJ
AF,KBQ
AF,LLW
AF,LIX
AF,MAI
AF,MYZ
AF,LMB
AF,ZZU
AF,LEF
AF,LRB
AF,LES
AF,MFC
AF,MKH
AF,MSU
AF,NKU
AF,PEL
AF,UTG
AF,UNE
AF,SHK
AF,SKQ
AF,SOK
AF,SHZ
AF,THB
AF,TKO
AF,AIW
AF,ADI
AF,GOG
AF,GFY
AF,HAL
AF,KAS
AF,MPA
AF,KMP
AF,LHU
AF,LUD
AF,MJO
AF,MQG
AF,OKU
AF,NNI
AF,OND
AF,OMG
AF,OMD
AF,OKF
AF,OPW
AF,OHI
AF,OTJ
AF,NDU
AF,RHN
AF,SWP
AF,SZM
AF,TCY
AF,TSB
AF,WVB
AF,ERS
AF,WDH
AF,FIH
AF,NLO
AF,MNB
AF,BOA
AF,LZI
AF,MAT
AF,NKL
AF,INO
AF,NIO
AF,FDU
AF,KRZ
AF,KKW
AF,IDF
AF,LUS
AF,MSM
AF,MDK
AF,BSU
AF,LIE
AF,BDT
AF,GMA
AF,KLI
AF,BMB
AF,LIQ
AF,BNB
AF,IKL
AF,FKI
AF,YAN
AF,IRP
AF,BUX
AF,BZU
AF,BKY
AF,RUE
AF,GOM
AF,BNC
AF,KND
AF,KLY
AF,PUN
AF,FBM
AF,PWO
AF,KEC
AF,KWZ
AF,MNO
AF,BDV
AF,FMI
AF,KBO
AF,KOO
AF,KMN
AF,KAP
AF,KNM
AF,KGA
AF,LZA
AF,TSH
AF,LJA
AF,LBO
AF,MEW
AF,BAN
AF,PFR
AF,MJM
AF,GDJ
AF,KBN
AF,AKE
AF,GAX
NA,GAB
AF,BKO
AF,GUD
AF,GAQ
AF,KNZ
AF,KTX
AF,KYS
AF,MZI
AF,NRM
AF,NIX
AF,KSS
AF,TOM
AF,EYL
OC,GAZ
EU,HOY
EU,DOC
EU,FLH
EU,FOA
EU,OUK
EU,PSV
AF,GBM
AF,BJL
EU,FUE
EU,GMZ
EU,VDE
EU,SPC
EU,LPA
EU,ACE
EU,TFS
SA,GCV
EU,TFN
AF,GDA
EU,JCU
EU,MLN
OC,GEW
AF,BTE
AF,KBS
NA,GFD
AF,GBK
AF,HGS
AF,KBA
AF,KEN
AF,FNA
AF,WYE
AF,BQE
AF,OXB
NA,GHE
NA,JGR
NA,QCU
AF,UCN
AF,CPA
AF,SNI
AF,MLW
AF,NIA
OC,GLP
AF,ROB
AF,SAZ
AF,THC
AF,VOI
AF,AGA
AF,TTA
AF,OZG
AF,UAR
AF,FEZ
AF,ERH
AF,MEK
AF,OUD
AF,SMW
AF,GMD
AF,CAS
AF,BEM
AF,RBA
AF,SII
AF,VIL
AF,ESU
AF,EUN
AF,CMN
AF,SFI
AF,NDR
AF,RAK
AF,NNA
AF,OZZ
AS,GMQ
AF,AHU
AF,TTU
AF,TNG
EU,GNE
NA,GNU
AF,DSS
OC,GOC
AF,KDA
AF,ZIG
AF,CSK
AF,KLC
AF,DKR
AF,MAX
AF,POD
AF,RDT
AF,XLS
AF,BXE
AF,KGG
AF,SMY
AF,TUD
AF,AEO
AF,OTL
AF,THI
AF,TIY
AF,BGH
AF,KFA
AF,TMD
AF,EMN
AF,AJJ
AF,KED
AF,MOM
AF,NKC
AF,SEY
AF,THT
AF,ATR
AF,FGD
AF,NDB
AF,OUZ
AF,GRC
OC,GRH
NA,GMT
NA,CIQ
NA,DON
NA,ENJ
NA,PCG
NA,TKM
NA,UAX
NA,PKJ
AF,GTZ
AF,CKY
OC,GUE
AF,FIG
AF,FAA
AF,KSI
AF,LEK
AF,MCA
AF,NZE
AF,BKJ
AF,SBI
AF,GII
AF,KNN
AF,SID
AF,NTO
AF,BVC
NA,GVE
AF,MMO
AF,MTI
AF,RAI
AF,SFL
AF,SNE
AF,VXE
OC,GWN
EU,GWW
SA,BCG
SA,BTO
SA,DOE
SA,LDO
SA,WSO
AF,ADD
AF,AMH
AF,AXU
AF,BCO
AF,BJR
AF,BEI
AF,DGC
AF,DSE
AF,DEM
AF,DBM
AF,DIR
AF,DBT
AF,FNH
AF,GOB
AF,GNN
AF,GMB
AF,GDQ
AF,GDE
AF,GOR
AF,QHR
AF,HUE
AF,JIJ
AF,JIM
AF,ABK
AF,LFO
AF,AWA
AF,LLI
AF,MKS
AF,MQX
AF,ETE
AF,NDM
AF,MUJ
AF,MTF
AF,EGL
AF,NEJ
AF,NEK
AF,PWI
AF,SXU
AF,SKR
AF,SZE
AF,ASO
AF,TIE
AF,WAC
AF,WRA
NA,HAY
OC,HAZ
AF,BJM
AF,GID
AF,KRE
AS,HBQ
AS,HBT
AF,ALU
AF,BIB
AF,CXN
AF,BSY
AF,HCM
AF,BSA
AF,GSR
AF,HGA
AF,BBO
AF,LGX
AF,KMU
AF,MGQ
AF,BLW
AF,CMO
AF,GLK
AF,CMS
AF,ERA
AF,BUO
AF,GGR
AF,JIB
AF,AII
AF,MHI
AF,OBC
AF,TDJ
AF,CCE
AF,SEW
AF,EMY
AF,SQK
AF,DBB
AS,AAC
AF,ATZ
AF,ALY
AF,HBE
AF,ABS
AF,CAI
AF,DAK
AF,HRG
AF,EGH
AF,UVL
AF,LXR
AF,RMF
AF,HMB
AF,MUH
OC,HEO
AF,GSQ
AF,PSD
AS,SKV
AS,SSH
AF,ASW
AF,SPX
AS,TCP
AS,ELT
NA,HEY
NA,HGT
AF,ASM
AF,MSW
AF,ASA
AF,TES
NA,HPV
NA,WKL
AS,HIA
AF,HIL
AF,ASV
NA,HKB
AF,EDL
AF,EYS
AF,KLK
AF,GAS
AF,HOA
AF,NBO
AF,KEU
AF,GGM
AF,KIS
AF,ILU
AF,KEY
AF,KTL
AF,LKG
AF,LOK
AF,LAU
AF,LOY
AF,NDE
AF,RBT
AF,MYD
AF,MBA
AF,MRE
AF,OYL
AF,NYE
AF,NUU
AF,WIL
AF,NYK
AF,UAS
AF,UKA
AF,WJR
AF,SRX
AF,TOB
AF,GHT
AF,AKF
AF,BEN
AF,MJI
AF,LAQ
AF,SEB
AF,TIP
AF,LMQ
AF,NFR
AF,HUQ
AF,LTD
AF,ZIS
AF,WAX
NA,EDQ
AS,HOO
AS,HRC
AF,GYI
AF,BTQ
AF,KGL
AF,RHG
AF,KME
AF,ATB
AF,EDB
AF,DOG
AF,RSS
AF,HGI
AF,ELF
AF,GSU
AF,DNX
AF,EGN
AF,HEG
AS,HSJ
AF,KSL
AF,GBU
AF,KST
AF,KDX
AF,RBX
AF,MWE
AF,NUD
AF,UYL
AF,NHF
AF,EBD
AF,PZU
AF,JUB
AF,MAK
AF,KRT
AF,WHF
AF,DNI
AF,WUU
AF,ZLX
AF,ARK
AF,BKZ
AF,DAR
AF,DOD
AF,MBI
AF,IRI
AF,TKQ
AF,KIY
AF,JRO
AF,LDI
AF,LKY
AS,HTM
AF,MFA
AF,MWN
AF,XMI
AF,NPY
AF,QSI
AF,MYW
AF,MUZ
AF,MWZ
AF,NCH
AF,JOM
AF,PMA
AF,SEU
AF,SGX
AF,SUT
AF,SHY
AF,TBO
AF,TGT
AF,ZNZ
AF,RUA
AF,EBB
AF,ULU
AF,JIN
AF,KLA
AF,PAF
AF,KSE
AF,MBQ
AF,KCU
AF,SRT
AF,TRY
OC,HWA
NA,HYL
OC,IBI
AF,IBL
AS,ICO
AS,PPJ
AS,JBB
AS,BWX
AS,AAP
AS,BXW
AS,AAS
AS,AGD
AS,AKQ
AS,AYW
AS,BJG
AS,BXM
AS,DRH
AS,ELR
AS,EWE
AS,FOO
AS,GAV
AS,IUL
AS,KBF
AS,KBX
AS,KCD
AS,KCI
AS,KEA
AS,KMM
AS,KOD
AS,KRC
AS,KWB
AS,LLN
AS,LWE
AS,LYK
AS,MJY
AS,MPT
AS,MSI
AS,MUF
AS,NAF
AS,OBD
AS,PUM
AS,PWL
AS,RAQ
AS,RKI
AS,RTI
AS,RUF
AS,RZS
AS,SAE
AS,TBM
AS,TMY
AS,ZEG
AS,UGU
OC,IDN
OC,ILX
OC,IMA
AF,IMG
AS,VDY
AS,JGB
AS,NVY
AS,RJI
AS,TEI
AF,INE
OC,IOK
OC,IOP
AS,KHA
AS,GSM
AS,IRU
AS,ISG
EU,TQR
OC,ITK
OC,IUS
NA,IVH
NA,IVI
AS,JGD
AS,JIC
AS,JIO
AS,JIQ
SA,JJD
NA,JLA
OC,JOP
NA,JPB
NA,JPN
NA,JRA
NA,JRB
AS,JUH
NA,AMK
NA,BDX
NA,EUE
NA,KPT
NA,RLA
NA,FID
NA,HUD
NA,TWD
NA,MVM
NA,HCC
NA,AHD
NA,GCW
NA,CKE
NA,ROF
NA,CNE
NA,RSX
NA,COP
NA,CIL
NA,IRB
NA,GNF
NA,CHZ
NA,LTW
NA,AHF
NA,PCT
NA,CTO
NA,NRI
NA,GTP
NA,NLE
NA,GCD
NA,VLE
NA,FPY
NA,NTJ
NA,MSD
NA,SBO
NA,JVI
NA,UCE
NA,GOL
NA,KKT
NA,PRW
NA,EGP
NA,BLD
NA,MFH
NA,ECA
NA,FMU
NA,OTS
NA,ROL
NA,CTK
NA,WPO
NA,ATE
NA,QWG
NA,ASQ
NA,AAF
NA,ABE
NA,ABI
NA,ABQ
NA,ABR
NA,ABY
NA,ACB
NA,ACK
NA,ACT
NA,ACV
NA,ACY
NA,ADG
NA,ADT
NA,ADM
NA,ADS
NA,ADW
NA,KAE
NA,AEL
NA,AEX
OC,KAF
NA,AFF
NA,WSG
NA,AFN
NA,AFO
NA,AFW
NA,AGC
NA,AGO
NA,AGS
NA,AHC
NA,AHH
NA,AHN
NA,AIA
NA,AID
NA,AIK
NA,AIO
NA,AIV
NA,AIY
NA,AIZ
NA,AKO
NA,AKC
NA,ALB
NA,ALI
NA,ALM
NA,ALN
NA,ALO
NA,ALS
NA,ALW
NA,ALX
NA,AMA
NA,AMN
NA,AMW
NA,ANB
NA,AND
NA,SLT
NA,ANP
NA,ANQ
NA,ANW
NA,ANY
NA,AOH
NA,AOO
NA,APA
NA,APC
NA,APF
NA,APG
NA,APH
NA,APN
NA,APT
NA,APV
OC,KAQ
NA,ARA
NA,ARB
NA,ARG
NA,WHT
NA,AUZ
NA,ART
NA,ARV
NA,BFT
NA,ASE
NA,SPZ
NA,ASH
NA,ASL
NA,ASN
NA,AST
NA,ASX
NA,ASY
NA,ATL
NA,ATS
NA,ATW
NA,ATY
NA,AUG
NA,AUM
NA,AUN
NA,AUO
NA,AUS
NA,AUW
NA,AVL
NA,AVO
NA,AVP
NA,AVW
NA,AVX
NA,AWM
NA,AXG
NA,AXN
NA,AXS
NA,AXV
NA,AXX
NA,AYE
NA,AYS
NA,TUH
NA,AZO
NA,BAB
NA,BAD
NA,BAF
NA,CLU
NA,BAM
NA,BBB
NA,BBD
NA,BTN
NA,BBW
NA,BCB
NA,BCE
NA,BCT
NA,BDE
NA,BDG
NA,BDL
NA,BDR
NA,WBU
NA,KBE
NA,BEC
NA,BED
NA,BEH
NA,BFD
NA,BFF
NA,BFI
NA,BFL
NA,BFM
NA,BFR
NA,BGD
NA,BGE
NA,BGM
NA,BGR
NA,BHB
NA,BHM
NA,BID
NA,BIE
NA,BIF
NA,BIH
NA,BIL
NA,BIS
NA,BIX
NA,BJC
NA,BJI
NA,BJJ
NA,BKD
NA,BKE
NA,BFK
NA,BKL
NA,BKT
NA,BKW
NA,BKX
NA,BLF
NA,BLH
NA,BLI
NA,BLM
NA,BLU
NA,BLV
OC,KBM
NA,BMC
NA,BMG
NA,BMI
NA,BML
NA,BMT
NA,BNA
NA,BNG
NA,BNL
NA,BNO
NA,BNW
NA,BOI
NA,BOS
NA,BOW
NA,HCA
NA,BPI
NA,WMH
NA,BPT
NA,BQK
NA,BRD
NA,BRL
NA,BRO
NA,BRY
NA,BTF
NA,BTL
NA,BTM
NA,TTO
NA,BTP
NA,BTR
NA,BTV
NA,BTY
NA,BUB
NA,BUF
NA,BUM
NA,BUR
NA,BFP
NA,BVO
NA,MVW
NA,BVX
NA,BVY
NA,BWC
NA,BWD
NA,BWG
NA,BWI
NA,WAH
NA,BWM
NA,BXA
NA,BXK
NA,BYG
NA,BYH
NA,BYI
NA,BYS
NA,BBC
NA,BZN
NA,XES
NA,PLY
NA,CLG
NA,CAD
NA,CAE
NA,CIG
NA,CAK
NA,CAO
NA,CAR
NA,CBE
NA,CBF
NA,CBK
NA,CBM
NA,KCC
NA,CCB
NA,CCR
NA,CCY
NA,LLX
NA,CDC
NA,CDH
NA,CDN
NA,CDR
NA,CDS
NA,CDW
NA,CEA
NA,CEC
NA,CEF
NA,CEU
NA,CEV
NA,CEW
NA,CEY
NA,CEZ
NA,CFD
NA,TZC
NA,CFT
NA,CFV
NA,KCG
NA,CGE
NA,CGF
NA,CGI
NA,CGS
NA,CGX
NA,CGZ
NA,CHA
NA,CHK
NA,CHO
NA,CHS
NA,CIC
NA,CID
NA,CIN
NA,CIR
NA,CIU
NA,CKA
NA,CKB
NA,GRM
NA,CKM
NA,CKN
NA,CKV
NA,KCL
NA,CLE
NA,CLI
NA,CLK
NA,CLL
NA,CLM
NA,CLR
NA,CLS
NA,CLT
NA,CLW
NA,CMH
NA,CMI
NA,CMX
NA,CMY
NA,KCN
NA,CNH
NA,CNK
NA,CNM
NA,CNO
NA,CNU
NA,CNW
NA,CNY
NA,COD
NA,COE
NA,COF
NA,COI
NA,COM
NA,CON
NA,COS
NA,COT
NA,COU
NA,CPM
NA,CPR
NA,CPS
NA,HCW
NA,KCR
NA,CRE
NA,CRG
NA,CRO
NA,CRP
NA,CLD
NA,CRS
NA,CRT
NA,CRW
NA,CRX
NA,CSG
NA,CSM
NA,CSQ
NA,CSV
NA,CTB
NA,CTY
NA,CTZ
NA,CUB
NA,CUH
NA,CVG
NA,CKK
NA,CVN
NA,CVO
NA,CVS
NA,CWA
NA,KIP
NA,CWF
NA,CWI
NA,CXL
NA,CXO
NA,CSN
NA,HAR
NA,CYS
AS,KCZ
NA,CZT
NA,VEX
NA,DAA
NA,DAB
NA,DAG
NA,DAL
NA,DAN
NA,DAY
NA,DBN
NA,DBQ
NA,DCA
NA,DCU
NA,DDC
NA,DEC
NA,DEH
NA,DEN
NA,DET
NA,DFI
NA,DFW
NA,DGL
NA,DGW
NA,DHN
NA,DHT
NA,DIK
NA,DKK
NA,DLL
NA,DLF
NA,DLH
NA,DLN
NA,DLS
NA,DMA
NA,DMN
NA,DMO
NA,DNL
NA,DNN
NA,DNS
NA,DNV
NA,DOV
OC,KDP
NA,DPA
NA,DPG
OC,KDQ
NA,DRA
NA,DRI
NA,DRE
NA,DRO
NA,DRT
OC,KDS
NA,DSM
NA,DSV
NA,DTA
NA,DTL
NA,DTN
NA,DSI
NA,DTW
NA,DUA
NA,DUC
NA,DUG
NA,DUJ
NA,DVL
NA,DVN
NA,NOT
NA,NSL
NA,DVT
AS,KDW
NA,DWF
NA,DWH
NA,DXR
NA,DYL
NA,DYS
AS,KDZ
AF,JJM
AF,VPG
AF,KTJ
AF,OSJ
AF,OLG
AF,HKR
AF,ANA
AF,OLX
AF,KRV
AF,KIU
AF,LBK
AF,LBN
AF,LKU
AF,MRE
AF,MUM
NA,MIF
NA,CCG
NA,ESO
NA,WTR
NA,ALE
NA,BGT
NA,EAN
NA,EAR
NA,EAT
NA,EAU
NA,KEB
NA,EBS
NA,ECG
NA,ECP
NA,ECS
NA,EDE
NA,ETS
NA,EDW
NA,EED
NA,EEN
NA,EFD
NA,EFK
NA,EFW
OC,KEG
NA,EGE
NA,EGI
NA,EGV
NA,KEK
NA,EKA
NA,EKI
NA,EKN
NA,EKO
NA,EKX
NA,ELA
NA,ELD
NA,ELK
NA,ELM
NA,ELN
NA,LYU
NA,ELP
NA,ELY
NA,ELZ
NA,EMM
NA,EMP
NA,EMT
NA,END
NA,ENL
NA,ENV
NA,ENW
NA,EOK
NA,EPH
NA,EDK
NA,ERI
NA,ERR
NA,ERV
NA,ESC
NA,ESF
NA,ESN
NA,EST
NA,ESW
NA,ETB
NA,ETN
NA,EUF
NA,EUG
NA,EVM
NA,EVV
NA,EVW
NA,EWB
NA,EWK
NA,EWN
NA,EWR
OC,KEX
NA,EYW
AS,KEZ
NA,WIB
NA,RBK
NA,FAF
NA,FAM
NA,FAR
NA,FAT
NA,FAY
NA,FBG
NA,FBL
NA,FBR
NA,FBY
NA,FCH
NA,FCM
NA,FCS
NA,FCY
NA,FDK
NA,FDR
NA,FDY
NA,FEP
NA,FET
NA,FFA
NA,FFL
NA,FFM
NA,FFO
NA,FFT
NA,MSC
NA,FRD
NA,FHU
NA,FKL
NA,FKN
NA,FLD
NA,FLG
NA,FLL
NA,FLO
NA,FLP
NA,FLU
NA,FLV
NA,FLX
NA,FME
NA,FMH
NA,FMN
NA,FMY
NA,FNL
NA,FNT
NA,FOD
NA,FOE
NA,FOK
NA,FIL
NA,FPR
NA,FRG
NA,FRH
NA,FRI
NA,FRM
NA,FRR
NA,FSD
NA,FSI
NA,FSK
NA,FSM
NA,FST
NA,FSU
NA,FMS
NA,FTK
NA,FTW
NA,FTY
NA,FUL
NA,WFK
NA,FWA
NA,FXE
NA,FXY
NA,FYM
NA,FYV
NA,GAD
NA,GAG
NA,GAI
NA,GBD
NA,GBG
NA,GBR
NA,GCC
NA,JDA
NA,GCK
NA,GCN
NA,GCY
NA,GDM
NA,GDV
NA,GDW
NA,GED
NA,GEG
NA,GEY
NA,GFA
NA,GFK
NA,GFL
NA,GGE
NA,GGG
NA,GGW
NA,GHM
NA,GIF
NA,GJT
NA,MEJ
NA,GKT
NA,GLD
NA,GLE
NA,GLH
NA,GLR
NA,GLS
NA,GLW
NA,GMU
NA,GNG
NA,GNT
NA,GNV
NA,GOK
NA,GON
NA,FCA
NA,GPT
NA,GPZ
NA,GQQ
NA,GRB
NA,GRD
NA,GRE
NA,GRF
NA,GRI
NA,GRK
NA,GRN
NA,GRR
NA,GSB
NA,GSH
NA,GSO
NA,GSP
NA,GSW
NA,GTF
NA,GTG
NA,GTR
NA,GUC
NA,GUP
NA,GUS
NA,GUY
NA,GVL
NA,GVT
NA,GVW
OC,KGW
NA,GWO
NA,GWS
NA,KGX
NA,GXY
NA,GDC
NA,PNX
NA,GYR
NA,GYY
NA,KGZ
NA,HAB
NA,HAF
NA,HAI
NA,HAO
NA,HAX
NA,HBG
NA,HBR
NA,HDE
NA,HDN
NA,HEE
NA,MNZ
NA,HEZ
NA,HFD
NA,HFF
NA,HGR
NA,HHR
NA,HUJ
NA,HIB
NA,HIE
NA,HIF
NA,HII
NA,HIO
NA,HKA
NA,HKS
NA,HKY
AS,KHL
NA,HLB
NA,HLC
NA,HLG
NA,HLM
NA,HLN
NA,HLR
NA,HMN
NA,HMT
NA,HNB
NA,HSH
NA,HOB
NA,HON
NA,HOP
NA,HOT
NA,HOU
NA,HPN
NA,HPT
NA,HPY
NA,HQM
NA,HES
NA,HRL
NA,HRO
NA,HSB
NA,HNC
NA,THP
NA,HSI
NA,HSP
NA,HST
NA,HSV
NA,HTH
NA,HTL
NA,HTO
NA,HTS
NA,HTW
NA,HUA
NA,HUF
NA,HUL
NA,HUM
NA,HUT
NA,HVE
NA,HVN
NA,HVR
NA,HVS
NA,HWD
NA,HWO
NA,WSH
NA,HHH
NA,HYA
NA,HYR
NA,HYS
NA,HZL
NA,JFN
OC,KIA
NA,IAB
NA,IAD
NA,IAG
NA,IAH
NA,KIB
NA,ICL
NA,ICT
NA,IDA
NA,IDI
NA,IDP
NA,XPR
NA,IFA
NA,IFP
NA,IGM
NA,IKK
AF,KIL
NA,ILE
NA,ILG
NA,ILM
NA,ILN
NA,IML
NA,IMM
NA,MDN
NA,IMT
NA,IND
NA,INK
NA,INL
NA,INS
NA,INT
NA,INW
NA,IOW
NA,IPL
NA,IPT
OC,KIQ
NA,IRK
NA,IRS
NA,ISM
NA,ISN
NA,ISO
NA,ISP
NA,ISQ
NA,ISW
NA,ITH
NA,AZA
NA,IWD
NA,ISS
NA,IWS
NA,JCI
NA,IYK
OC,KIZ
NA,SQA
NA,FRY
NA,JAC
NA,JAN
NA,JAS
NA,JAX
NA,JBR
NA,JCT
NA,JDN
NA,JEF
NA,JFK
NA,JHW
NA,GUF
NA,JLN
NA,JMS
NA,JOT
NA,USA
NA,JKV
NA,JST
OC,KJU
NA,JVL
NA,JXN
NA,KKB
NA,KIC
NA,KKL
NA,KLS
NA,KKU
NA,DTH
NA,BXS
NA,RBF
NA,TRH
NA,LAA
NA,LAF
NA,LAL
NA,LAM
NA,LAN
NA,LAR
NA,LAS
NA,LAW
NA,LAX
NA,LBB
NA,LBE
NA,LBF
NA,LBL
NA,LBT
NA,LJN
NA,LCH
NA,LCI
NA,LCK
NA,LCQ
NA,LDJ
NA,LDM
NA,LEB
NA,LEE
NA,LEM
NA,LEW
NA,LEX
NA,LFI
NA,LFK
NA,LFT
NA,LGA
NA,LGB
NA,LGC
NA,LGD
NA,LGF
NA,LGU
NA,LHC
NA,LHV
NA,LIY
NA,LFN
NA,LIC
NA,LIT
NA,LKP
NA,LOW
NA,LKV
NA,CHL
NA,LMS
NA,LMT
NA,LNA
NA,LND
NA,LNK
NA,LNN
NA,LNP
NA,LNR
NA,LNS
NA,LOL
NA,BBX
NA,LOT
NA,LOU
NA,LOZ
NA,LPC
NA,LQK
NA,LRD
NA,LRF
NA,LRJ
NA,LRU
NA,LSB
NA,LSE
NA,LSF
NA,LSK
NA,LSN
NA,LSV
NA,LTS
NA,LUF
NA,LUK
NA,LUL
NA,LVK
NA,LVL
NA,LVM
NA,LVS
NA,LWB
NA,LWC
NA,LWL
NA,LWM
NA,LWS
NA,LWT
NA,LWV
NA,LXN
NA,LXV
NA,LYH
NA,LYO
NA,LZU
NA,PCU
NA,MLK
NA,MAC
NA,MAE
NA,MAF
NA,MAW
OC,KMB
NA,MBG
NA,MBL
NA,DXE
NA,MBS
NA,MBY
NA,MCB
NA,MCC
NA,MCD
NA,MCE
NA,MCF
NA,MCI
NA,MCK
NA,MCN
NA,MCO
NA,MCW
NA,MDA
NA,MDD
NA,MDH
NA,XMD
NA,MDT
NA,MDW
NA,MDF
NA,MXE
NA,MEI
NA,MEM
NA,MER
NA,MEV
OC,KMF
NA,MFD
NA,MFE
NA,MFI
NA,MFR
NA,MFV
NA,MGC
NA,MGE
NA,MGJ
NA,MGM
NA,MGR
NA,MGW
NA,MGY
NA,MHE
NA,MHK
NA,MHL
NA,MHR
NA,MHT
NA,MHV
NA,MIA
NA,MIB
NA,MIE
NA,MIT
NA,MIV
NA,MJX
NA,MKC
NA,MKE
NA,MKG
NA,MKL
NA,MRK
NA,MLB
NA,MLC
NA,MLI
NA,MLS
NA,MLU
AS,KMM
NA,MMH
NA,MMI
NA,MML
NA,MMS
NA,MMT
NA,MMU
NA,MNM
NA,MNN
NA,MOB
NA,MOD
NA,MOT
NA,RMY
NA,MPJ
NA,MPO
NA,MPV
NA,MPZ
NA,MQB
NA,MEO
NA,CTH
NA,MQY
NA,MRB
NA,MRC
NA,MRF
NA,MRN
NA,MRY
NA,MSL
NA,MSN
NA,MSO
NA,MSP
NA,MSS
NA,MSV
NA,MSY
AS,KMT
NA,MTC
NA,MTH
NA,MTJ
NA,MTN
NA,MTO
NA,MTP
NA,MTW
NA,MUI
NA,MUO
NA,MUT
NA,MVC
NA,MVE
NA,MVL
NA,MVY
NA,MWA
NA,MWC
NA,MWH
NA,MWL
NA,MWO
NA,MXA
NA,MXF
NA,MYF
NA,MYL
NA,MYR
NA,MYV
NA,MZJ
NA,MZZ
NA,CTX
NA,SXY
NA,ESP
NA,NBG
NA,NHX
NA,DGN
NA,NEL
NA,NEN
NA,NEW
NA,NFL
NA,FWH
NA,NGU
NA,NGZ
NA,NHK
NA,NHZ
NA,NIP
NA,NJK
NA,NKX
OC,KNL
NA,NLC
NA,NPA
NA,NQA
NA,NQI
NA,NQX
NA,NRB
NA,NRS
NA,NSE
NA,NTD
NA,NTU
NA,NUQ
NA,NUW
NA,YUM
NA,NZY
NA,NVN
NA,COA
NA,ODC
NA,EYR
NA,OAJ
NA,OAK
NA,OAR
NA,OBE
NA,OCF
NA,OCH
NA,OCW
NA,OEA
NA,OEO
NA,OFF
NA,OFK
NA,OGA
NA,OGB
NA,OGD
NA,OGS
NA,OIC
NA,OIL
NA,OJC
NA,OCN
NA,OKC
NA,ODW
NA,OKK
NA,OKM
NA,OKS
NA,WGO
AF,KOL
NA,OLD
NA,OLF
NA,OLM
NA,OLS
NA,OLV
OC,KOM
NA,OMA
NA,OMK
NA,ONL
NA,ONO
NA,ONP
NA,ONT
NA,OPF
NA,NCO
OC,KOR
NA,ORD
NA,ORF
NA,ORH
NA,ORL
NA,ESD
NA,OSC
NA,OSH
NA,OSU
NA,OTH
NA,OTM
NA,OUN
NA,OVE
NA,OWA
NA,OWB
NA,OWD
NA,OWK
NA,OCE
NA,OXC
NA,OXD
NA,OXR
NA,KOY
NA,STQ
NA,OZA
NA,OZR
AS,YJS
AS,RGO
NA,BSQ
NA,PXL
NA,GLB
NA,HBK
NA,CWX
NA,PAE
NA,PAH
NA,PAM
NA,PJB
NA,PAO
NA,KPB
NA,PBF
NA,PBG
NA,PBI
NA,PVL
NA,PCD
NA,PDK
NA,PDT
NA,PDX
OC,KPE
NA,PEQ
NA,PGA
NA,PGD
NA,PGR
NA,PGV
NA,PHD
NA,PHF
NA,ADR
NA,PHK
NA,PHL
NA,PHN
NA,PHP
NA,PHT
NA,PHX
NA,PIA
NA,PIB
NA,PIE
NA,PIH
NA,PIM
NA,PIR
NA,PIT
NA,PKB
NA,PKD
NA,PKF
OC,KPL
NA,PLB
NA,PLK
NA,PLN
NA,PLR
NA,PMB
NA,PMD
NA,PMH
NA,PPM
NA,PWY
NA,PNC
NA,PNE
NA,PNN
NA,PNS
NA,POB
NA,POC
NA,POE
NA,POF
NA,POU
NA,POY
NA,PPA
NA,PPF
NA,LPO
NA,PQI
NA,PGL
NA,KPR
NA,PRB
NA,PRC
NA,PRO
NA,PRX
NA,PSC
NA,PSF
NA,PSK
NA,PSM
NA,PSN
NA,PGO
NA,PSP
NA,PSX
NA,PTB
NA,PTK
NA,PTN
NA,PTT
NA,PTV
NA,PTW
NA,PUB
NA,PUC
NA,PUW
NA,PVC
NA,PVD
NA,PVF
NA,PVU
NA,PVW
NA,PVZ
NA,PWA
NA,PWD
NA,PWK
NA,PWM
NA,PWT
NA,KPY
NA,PYM
NA,KQA
OC,KQL
AS,JCJ
NA,RAC
NA,RAL
NA,RAP
NA,RBD
NA,RBG
NA,RBL
NA,RBW
NA,RCA
NA,RCK
NA,RCR
NA,RCT
NA,RDD
NA,RDG
NA,RDM
NA,RDR
NA,RDU
NA,REO
NA,RFD
NA,RFG
NA,RHI
NA,RHV
NA,RIC
NA,RIL
NA,RIV
NA,RIW
OC,KRJ
NA,RKD
NA,RKP
NA,RKS
NA,RKW
NA,RME
NA,RMG
NA,RNC
NA,RND
NA,RNO
NA,RNT
NA,ROA
NA,ROC
NA,ROG
NA,ROW
NA,ROX
NA,RIE
NA,RPX
NA,WBR
NA,RQO
NA,RRL
NA,RRT
NA,RSL
NA,RSN
NA,RST
NA,RSW
NA,RTN
OC,KRU
NA,SRW
NA,RUT
NA,RED
NA,RVS
NA,RWF
NA,RWI
NA,RWL
NA,RXE
NA,RNZ
NA,RZZ
NA,AHM
NA,BDY
NA,SUO
NA,MDJ
NA,PRZ
NA,IDH
NA,SAA
NA,SAC
NA,SAD
NA,SAF
NA,SAN
NA,SAR
NA,SAT
NA,SAV
NA,MQT
NA,SBA
NA,SBD
NA,SBM
NA,SBN
NA,SBP
NA,SBS
NA,SBX
NA,SBY
NA,SCB
NA,SCH
NA,SCK
NA,SDF
NA,SCF
NA,SDM
NA,SDY
NA,SEA
NA,SEE
NA,SEF
NA,SEG
NA,SEM
NA,SEP
NA,SER
NA,SDX
NA,SFB
NA,SFF
NA,SFM
NA,SFO
NA,SFZ
OC,KSG
NA,SGF
NA,SGH
NA,UST
NA,SGR
NA,SGT
NA,SGU
NA,SHD
NA,SHN
NA,SHR
NA,SHV
NA,SIK
NA,SIV
NA,SJC
NA,SJN
NA,SJT
NA,SKA
NA,SKF
NA,TSM
NA,SKY
NA,SLB
NA,SLC
NA,SLE
NA,SLG
NA,SLK
NA,SLN
NA,SLO
NA,SLR
NA,SMD
NA,SME
NA,SMF
NA,SMN
NA,SMO
NA,SUM
NA,SMX
NA,SNA
NA,SNK
NA,SNL
NA,SNS
NA,SNY
NA,SOP
NA,SOW
OC,KSP
NA,SPA
NA,SPF
NA,SPG
NA,SPI
NA,SPS
NA,SPW
NA,SQI
NA,SQL
NA,SRQ
NA,RUI
NA,SSC
NA,SSF
NA,SSI
NA,STC
NA,STE
NA,STJ
NA,STK
NA,STL
NA,STP
NA,STS
NA,SUA
NA,SUD
NA,SUE
NA,SUN
NA,SUS
NA,SUU
NA,SUW
NA,SUX
NA,SVC
NA,SVE
NA,SVH
NA,SVN
NA,SWF
NA,SWO
NA,SWW
NA,SYI
NA,SYR
NA,SYV
NA,SZL
NA,TBC
NA,TAD
NA,KTB
NA,TBN
NA,TBR
AF,KTC
NA,TCC
NA,TCL
NA,TCM
NA,TCS
NA,TDO
NA,TDW
NA,TDZ
NA,TEB
NA,TEX
NA,THA
NA,THM
NA,THV
NA,TIK
NA,TIW
NA,TIX
OC,KTK
NA,KNT
NA,TLH
NA,TLR
NA,TMA
NA,TMB
NA,OTK
NA,TNP
NA,TNT
NA,TNU
NA,XSD
NA,TOA
NA,TOC
NA,TOI
NA,TOL
NA,TOP
NA,TOR
NA,TPA
NA,TPF
NA,TPH
NA,TPL
NA,TRI
NA,TKF
NA,TRL
NA,TRM
NA,TSP
NA,TTD
NA,TTN
NA,TUL
NA,TUP
NA,TUS
NA,TVC
NA,TVF
NA,TVI
NA,TVL
NA,TWF
NA,TXK
NA,TYZ
NA,TYR
NA,TYS
NA,BFG
NA,NPH
NA,RVR
NA,PNU
NA,ICS
NA,UBS
NA,UCY
NA,UDD
NA,UES
NA,UGN
NA,UIL
NA,UIN
NA,UIZ
NA,IKB
NA,UKI
NA,UKT
NA,ULM
NA,ATO
NA,UNU
NA,SCE
NA,UOS
NA,UOX
OC,KUP
NA,UTM
NA,HTV
NA,NPT
NA,UVA
OC,KUX
NA,RKH
NA,VAD
NA,LLY
NA,VBG
NA,VCT
NA,VCV
NA,VDI
OC,KVE
NA,VEL
NA,VGT
NA,VHN
NA,VIH
NA,VIS
NA,VJI
NA,VKS
NA,VLA
NA,VLD
NA,VNC
NA,VNY
NA,VOK
NA,VPS
NA,VPZ
NA,VQQ
NA,VRB
NA,VSF
NA,VTN
NA,VYS
NA,GTY
NA,SQV
NA,PGC
NA,WAL
NA,WAY
NA,WBW
NA,WDG
NA,WDR
NA,KWF
NA,WHP
NA,WJF
NA,WLD
NA,WLW
NA,WMC
NA,KWP
NA,WRB
NA,WRI
NA,WRL
NA,WSD
NA,WST
OC,KWV
NA,WVI
NA,WVL
NA,WWD
NA,WWR
OC,KWX
AF,KWY
NA,WYS
NA,KYO
NA,KXA
NA,XNA
NA,WBK
NA,YIP
NA,YKM
NA,YKN
NA,KYL
NA,YNG
AS,TDK
AS,BXY
AS,USJ
AS,ATX
NA,KZB
OC,KZF
NA,ZPH
NA,ZZV
AS,LAC
EU,TIA
EU,BOJ
EU,GOZ
OC,LBH
AF,LBM
EU,PDV
EU,ROU
EU,SOF
EU,SLS
EU,SZR
EU,TGV
EU,VAR
AS,ECN
AS,LCA
SA,LCP
AS,PFO
EU,AKT
EU,DBV
EU,LSZ
EU,OSI
EU,PUY
EU,RJK
EU,BWK
EU,SPU
OC,LDW
EU,ZAG
EU,ZAD
EU,ABC
EU,ALC
EU,LEI
EU,OVD
EU,ODB
EU,BIO
EU,RGS
EU,BCN
EU,BJZ
EU,CDT
EU,LCG
EU,ECV
EU,ILD
EU,GRO
EU,GRX
EU,HSK
EU,IBZ
EU,XRY
EU,MJV
EU,QSA
EU,LEN
EU,RJL
EU,MAD
EU,AGP
EU,MAH
EU,OZP
AF,LEO
EU,PMI
EU,PNA
EU,CQM
EU,REU
EU,ROZ
EU,SLM
EU,EAS
EU,SCQ
EU,LEU
EU,TEV
EU,TOJ
EU,VLC
EU,VLL
EU,VIT
EU,VGO
EU,SDR
EU,ZAZ
EU,SVQ
EU,DPE
EU,CQF
EU,BYF
EU,LTQ
EU,XVS
EU,AGF
EU,BOD
EU,EGC
EU,CNG
EU,LRH
EU,PIS
EU,MCU
EU,LIG
EU,NIT
EU,TLS
EU,PUF
EU,LDE
EU,ANG
EU,PGX
EU,XDA
EU,BIQ
EU,ZAO
EU,LBI
EU,DCM
EU,RDZ
EU,RYN
EU,RCO
EU,IDY
EU,CMR
EU,DLE
EU,MVV
EU,OBS
EU,LPY
EU,AHZ
EU,ETZ
EU,ANE
EU,BIA
EU,CLY
EU,FSC
EU,AJA
EU,PRP
EU,SOZ
EU,MFX
EU,AUF
EU,CMF
EU,CFE
EU,BOU
EU,QNJ
EU,CVF
EU,LYS
EU,SYT
EU,RNE
EU,NCY
EU,GNB
EU,VAF
EU,VHY
EU,AUR
EU,CHR
EU,LYN
EU,CEQ
EU,EBU
EU,CCF
EU,MRS
EU,NCE
EU,XOG
EU,PGF
EU,CTT
EU,BAE
EU,MPL
EU,BZR
EU,AVN
EU,GAT
EU,MEN
EU,SCP
EU,BVA
EU,EVX
EU,LEH
EU,ORE
EU,XCR
EU,LSO
EU,URO
EU,TUF
EU,CET
EU,LVA
EU,LBG
EU,CSF
EU,CDG
EU,JDP
EU,TNF
EU,ORY
EU,POX
EU,VIY
EU,NVS
EU,XME
EU,LIL
EU,HZB
EU,XCZ
EU,BES
EU,CER
EU,DNR
EU,LBY
EU,GFR
EU,DOL
EU,LRT
EU,EDM
EU,LDV
EU,CFR
EU,LME
EU,RNS
EU,LAI
EU,UIP
EU,NTE
EU,SBK
EU,MXN
EU,VNE
EU,SNR
EU,BSL
EU,DIJ
EU,MZM
EU,EPL
EU,BVE
EU,ENC
EU,BOR
EU,RHE
EU,SXB
EU,TLN
EU,FRJ
EU,FNI
EU,LTT
NA,MQC
NA,FSP
EU,PYR
EU,AGQ
EU,AXD
EU,HEW
EU,ATH
EU,VOL
OC,LGE
EU,JKH
EU,PKH
EU,JIK
EU,IOA
EU,HER
EU,KSO
EU,KIT
EU,EFL
EU,KZS
EU,KLX
EU,KGS
EU,AOK
EU,CFU
EU,KSJ
EU,KVA
EU,JKL
EU,KZI
EU,LRS
EU,LXS
EU,LRA
OC,LGM
EU,JMK
EU,MLO
EU,MJT
OC,LGN
EU,JNX
EU,PAS
EU,JTY
EU,PVK
EU,RHO
EU,GPA
EU,CHQ
EU,JSI
EU,SMI
EU,JSY
EU,SPJ
EU,JTR
EU,JSH
EU,SKU
EU,SKG
EU,ZTH
EU,BUD
EU,DEB
EU,MCQ
OC,LHP
EU,PEV
EU,SOB
EU,TZR
EU,QAQ
EU,CRV
EU,BRI
EU,FOG
EU,TAR
EU,LCC
EU,PSR
EU,BDS
EU,SUF
EU,CIY
EU,CTA
EU,LMP
EU,PNL
EU,PMO
EU,REG
EU,TPS
EU,NSY
EU,BLX
EU,CDF
EU,RAN
EU,AHO
EU,DCI
EU,CAG
EU,OLB
EU,FNU
EU,TTB
EU,MXP
EU,BGY
EU,TRN
EU,ALL
EU,GOA
EU,LIN
EU,PMF
EU,AOT
EU,CUF
EU,AVB
EU,BZO
EU,UDN
EU,BLQ
EU,TSF
EU,FRL
EU,VBS
EU,TRS
EU,RMI
EU,VIC
EU,QPA
EU,VRN
EU,AOI
EU,VCE
EU,LCV
EU,QRT
EU,SAY
EU,QLP
EU,CIA
EU,FCO
EU,QSR
EU,EBA
EU,QLT
EU,NAP
EU,PSA
EU,FLR
EU,GRS
EU,PEG
EU,LJU
EU,MBX
EU,POW
AF,LKC
EU,GTW
EU,UHE
EU,KLV
EU,MKA
EU,OSR
EU,OLO
EU,PED
EU,PRV
EU,PRG
EU,BRQ
EU,VOD
EU,ZBE
AS,TLV
AS,BEV
AS,ETM
AS,ETH
AS,EIY
NA,LLH
AS,HFA
AS,RPN
AS,KSW
OC,LLL
AS,MTZ
AS,VTM
AS,VDA
AS,MIP
AS,SDV
AS,YOT
SA,LMC
EU,GZM
EU,MLA
AF,LMZ
OC,LNC
OC,LNF
OC,LNM
EU,MCM
OC,LNQ
OC,LOF
EU,HOH
NA,LOM
NA,LOR
EU,GRZ
EU,INN
EU,KLU
EU,LNZ
EU,SZG
EU,VIE
EU,AVR
EU,SMA
EU,BGC
EU,BYJ
EU,BGZ
EU,CHV
EU,CVU
EU,CAT
EU,FLW
EU,FAO
EU,GRW
EU,HOR
EU,TER
EU,FNC
EU,QLR
EU,PDL
EU,PIX
EU,PRM
EU,OPO
EU,PXO
EU,LIS
EU,SIE
EU,SJZ
EU,VRL
EU,VSE
EU,BNX
EU,OMO
EU,SJJ
EU,TZL
EU,ARW
EU,BCM
EU,BAY
EU,BBU
EU,CND
EU,CLJ
EU,CSB
EU,CRA
EU,IAS
NA,LRO
EU,OMR
EU,OTP
EU,SBZ
EU,SUJ
EU,SCV
EU,TCE
EU,TGM
EU,TSR
EU,GVA
EU,QNC
EU,SIR
EU,EML
EU,ZIN
EU,LUG
EU,BRN
EU,BXO
EU,ACO
EU,ZHI
EU,ZRH
EU,ZJI
EU,ACH
EU,SMV
AS,GKD
AS,ESB
AS,ANK
AS,ADA
AS,UAB
AS,AFY
AS,AYT
AS,GZT
AS,KFS
AS,KYA
AS,MZH
AS,VAS
AS,ONQ
AS,MLX
AS,ASR
AS,TJK
AS,DNZ
AS,NAV
OC,LTB
AS,ISL
AS,CII
AS,BTZ
AS,BZI
AS,BDM
AS,CKZ
AS,ESK
AS,ADB
AS,IGL
AS,USQ
AS,KCO
AS,YEI
AS,DLM
EU,TEQ
AS,BXN
AS,AOE
AS,KZR
AS,EZS
AS,DIY
AS,ERC
AS,ERZ
AS,KSY
AS,TZX
AS,SFQ
AS,VAN
AS,BAL
AS,MSR
AS,SXZ
AS,NOP
AS,KCM
AS,AJI
AS,ADF
AS,MQM
AS,GNY
AS,NKT
AS,YKO
AS,HTY
OC,LTF
AS,ISE
AS,EDO
AS,BJV
AS,SZF
AS,SAW
AS,IST
AS,GZP
NA,LTH
EU,BZY
EU,KIV
EU,LUZ
SA,LVB
AS,GZA
AS,LWA
EU,OHD
EU,SKP
EU,GIB
AF,BCQ
AF,DNF
AF,MRA
AF,QUB
EU,BEG
EU,IVG
EU,BJY
EU,KVO
EU,INI
EU,QND
EU,TGD
EU,TIV
EU,BTS
EU,KSC
EU,LUE
EU,PZY
EU,POV
EU,SLD
EU,TAT
EU,ILZ
NA,DRU
AF,GLN
NA,UWA
OC,MAP
NA,GDT
NA,MDS
NA,NCA
NA,PIC
NA,PLS
NA,XSC
NA,SLX
NA,BRX
NA,CBJ
NA,AZS
NA,COZ
NA,HEX
NA,JBQ
NA,LRM
NA,PUJ
NA,EPS
NA,POP
NA,MDR
NA,SDQ
NA,SJM
NA,STI
AF,MDV
NA,LIZ
AF,MEF
AF,OHB
AF,DOA
NA,CBV
NA,CMM
NA,CTF
OC,MGG
NA,GUA
NA,HUG
NA,MGI
NA,MCR
AF,MGO
OC,MGP
NA,PBR
NA,PON
NA,AQB
NA,AAZ
NA,RUV
NA,LCF
NA,RER
NA,GSJ
NA,FRS
OC,AIM
OC,AUL
OC,BII
OC,EBN
OC,JAT
OC,JEJ
OC,KBT
OC,LIK
OC,LML
OC,MAV
OC,MJB
OC,MJE
OC,NDK
OC,RNP
OC,TIC
OC,UIT
OC,WJA
OC,WTE
OC,WTO
NA,AHS
NA,BHG
NA,CAA
NA,MRJ
NA,LUI
NA,CYL
NA,CDD
NA,OAN
NA,GAC
NA,IRN
NA,GUO
NA,JUT
NA,LCE
NA,LEZ
NA,SAP
NA,MHN
NA,GJA
NA,PCH
NA,PEU
NA,RTB
NA,SDH
NA,RUY
NA,XPL
NA,TEA
NA,TGU
NA,TJI
NA,SCD
NA,UII
OC,MHY
NA,ORO
OC,MIZ
OC,MJJ
AF,MJS
NA,OCJ
NA,KIN
NA,MBJ
NA,POT
OC,MKN
NA,NEG
NA,KTP
OC,MIJ
OC,MLQ
AS,HEB
NA,TZM
NA,ACA
NA,NTR
NA,AGU
NA,HUX
NA,CNA
NA,CVJ
NA,ACN
NA,CME
NA,NCG
NA,CUL
NA,CTM
NA,CEN
NA,CJT
NA,CPE
NA,CJS
NA,CZA
NA,CUU
NA,CVM
NA,CYW
NA,CZM
NA,CUA
NA,MMC
NA,DGO
NA,TPQ
NA,ESE
NA,GDL
NA,GYM
NA,GUB
NA,TCN
NA,HMO
NA,CLQ
NA,ISJ
NA,SLW
NA,IZT
NA,JAL
NA,AZP
NA,LZC
NA,LMM
NA,BJX
NA,LAP
NA,LTO
NA,MAM
NA,MID
NA,MUG
NA,MXL
NA,MLM
NA,MTT
NA,LOV
NA,MEX
NA,MTY
NA,MZT
NA,NOG
NA,NLD
NA,OAX
NA,PAZ
NA,PBC
NA,PDS
NA,PCO
NA,UPN
NA,PQM
NA,PVR
NA,PXM
NA,QRO
NA,REX
NA,SZT
NA,SJD
NA,SFH
NA,NLU
NA,SLP
NA,TRC
NA,TGZ
NA,TIJ
NA,TAM
NA,TSL
NA,TLC
NA,TAP
NA,CUN
OC,MMV
NA,VSA
NA,VER
NA,ZCL
NA,ZIH
NA,ZMM
NA,ZLO
AS,MXW
NA,BEF
NA,BZA
NA,ECI
NA,RNI
NA,MGA
NA,NVG
OC,MNP
NA,PUZ
NA,RFS
NA,NCR
NA,SIU
NA,WSP
AS,MOH
NA,PDM
NA,BOC
NA,CTD
NA,CHX
NA,DAV
NA,ONX
OC,MPG
NA,BLB
NA,MPI
NA,JQE
NA,PLP
NA,PAC
NA,PUE
NA,RIH
NA,SYP
NA,PTY
OC,MPU
NA,PVE
NA,NBL
OC,MPX
OC,MQO
NA,FON
NA,TTQ
NA,BAI
NA,BCL
NA,OTR
NA,JAP
NA,PLD
NA,DRK
NA,FMG
NA,GLF
NA,GPL
NA,PBP
NA,LIR
NA,LSL
NA,LIO
NA,CSC
NA,NCT
NA,NOB
NA,SJO
NA,PJM
NA,PMZ
NA,SYQ
NA,XQP
NA,RFR
NA,IPZ
NA,TOO
OC,MRT
NA,TNO
NA,TMU
NA,UPL
NA,MSB
NA,SAL
NA,CYA
NA,CAP
NA,MTX
NA,JAK
NA,JEE
NA,PAP
NA,PAX
AF,MTU
NA,BCA
NA,BWW
NA,BYM
NA,AVI
NA,CCC
NA,CFG
NA,CYO
NA,CMW
NA,QCO
NA,SCU
NA,NBW
NA,GAO
NA,HAV
NA,HOG
NA,VRO
NA,LCL
NA,UMA
NA,MJG
NA,MOA
NA,MZO
NA,QSN
NA,ICR
NA,GER
NA,UPB
NA,QPD
NA,SNU
NA,SNJ
NA,SZJ
NA,USS
NA,TND
NA,VRA
NA,VTU
OC,MVI
NA,CYB
NA,LYB
NA,GCM
AF,MWR
NA,AJS
NA,AZG
NA,PCM
NA,PCV
NA,SCX
NA,SGM
NA,TUY
NA,UAC
NA,XAL
NA,MXC
OC,MXK
AF,MXR
AS,GTB
AS,GTK
AS,LBP
AS,LLM
AS,MZS
AS,SPT
NA,MAY
NA,ASD
NA,TZN
NA,MHH
NA,SAQ
NA,AXP
NA,TCB
NA,WKR
NA,CCZ
NA,GHC
NA,BIM
NA,ATC
NA,TBI
NA,CXY
NA,CRI
NA,PWN
NA,GGT
NA,ELH
NA,GHB
NA,NMC
NA,RSD
NA,TYM
NA,FPO
NA,GBI
NA,WTD
NA,IGA
NA,MYK
NA,LGI
NA,SML
NA,MYG
NA,NAS
NA,PID
NA,DCT
NA,RCY
AF,MYS
NA,ZSA
OC,MYX
NA,CEL
AF,MFW
AF,NTC
AF,IBO
AF,TGS
NA,BZE
NA,MZE
NA,CYD
NA,MPE
OC,IMI
AF,BQI
AS,NBS
OC,AIT
OC,AIU
OC,MGS
OC,MHX
OC,MUK
OC,MOI
OC,PZK
OC,PYE
OC,RAR
OC,NDI
OC,NDN
NA,EPG
OC,AQS
OC,ICI
OC,CST
OC,NAN
OC,PTF
OC,RBI
OC,KDV
OC,MNF
OC,MFJ
OC,SUV
OC,LEV
OC,NGI
OC,LUC
OC,LKB
OC,LBS
OC,TVU
OC,KXF
OC,RTA
OC,SVU
OC,BVF
OC,VAU
OC,KAY
OC,ONU
OC,YAS
OC,EUA
OC,TBU
OC,HPA
OC,NFO
OC,NTT
OC,VAV
OC,TTL
OC,VBV
OC,VTF
AF,GMO
AF,PHG
AF,QRW
OC,ABF
OC,BEZ
OC,FUN
OC,KUC
OC,MNK
OC,MZK
OC,MTK
OC,NIG
OC,OOT
OC,TRW
OC,AEA
OC,TBF
OC,TMN
OC,NON
OC,AIS
OC,TSU
OC,BBG
OC,AAK
AF,NIK
OC,IUE
AS,NKD
AS,NLH
OC,FUT
OC,WLS
NA,HBB
AF,NND
OC,NOM
OC,NOO
AS,MWP
OC,NPG
NA,NRC
OC,NRY
OC,OFU
OC,AAU
OC,APW
OC,FGI
OC,FTI
OC,MXS
OC,PPG
OC,NTA
OC,PPT
OC,RMT
OC,RUR
OC,TUB
OC,RVV
OC,AAA
OC,FGU
OC,TIH
OC,APK
OC,REA
OC,FAV
OC,HHZ
OC,XMH
OC,GMR
OC,KKR
OC,MKP
OC,NAU
OC,TKV
OC,PKP
OC,PUK
OC,TKP
OC,AXR
OC,MVT
OC,NUK
OC,ZTA
OC,AHE
OC,KHZ
OC,FAC
OC,FHZ
OC,RKA
OC,TJN
OC,NIU
OC,RRR
OC,TKX
OC,KXU
OC,NKP
OC,NHV
OC,AUQ
OC,UAP
OC,UAH
OC,BOB
OC,TTI
OC,RGI
OC,HUH
OC,MOZ
OC,HOI
OC,MAU
OC,RFP
OC,TPX
OC,UOA
OC,VHZ
AS,NUF
OC,NUG
NA,UCC
OC,MTV
OC,SLH
OC,TOH
OC,EAE
OC,CCV
OC,LOD
OC,SSR
OC,PBJ
OC,LPM
OC,LNB
OC,MWF
OC,LNE
OC,NUS
OC,ZGU
OC,RCL
OC,SON
OC,TGH
OC,ULB
OC,VLS
OC,WLH
OC,SWJ
OC,OLJ
OC,AUY
OC,AWD
OC,DLY
OC,FTA
OC,IPA
OC,UIQ
OC,VLI
OC,TAH
OC,NWT
OC,TGJ
OC,BMY
OC,KNQ
OC,ILP
OC,HLU
OC,KOC
OC,LIF
OC,GEA
OC,IOU
OC,PUV
OC,PDC
OC,MEE
OC,TOU
OC,UVE
OC,NOU
OC,AKL
OC,TUO
OC,AMZ
OC,ASG
OC,CHC
OC,CHT
OC,CMV
OC,DGR
OC,DUD
OC,WHO
OC,GBZ
OC,GMN
OC,GIS
OC,GTN
OC,HKK
OC,HLZ
OC,WIK
OC,KBZ
OC,KKE
OC,KKO
OC,KAT
OC,ALR
OC,MTA
OC,MHB
OC,MON
OC,MFN
OC,MZP
OC,TEU
OC,MRO
OC,NPL
OC,NPE
OC,NSN
OC,IVC
OC,OHA
OC,OAM
OC,PMR
OC,PCN
OC,PPQ
OC,ZQN
OC,RAG
OC,SZS
OC,ROT
OC,TRG
OC,TMZ
OC,KTF
OC,TKZ
OC,THH
OC,TIU
OC,TWZ
OC,BHE
OC,WKA
OC,WHK
OC,WLG
OC,WIR
OC,WRE
OC,WSZ
OC,WTZ
OC,WAG
NA,NLN
NA,BZF
AS,OAA
AS,BIN
AS,BST
AS,CCN
AS,SBF
AS,DAZ
AS,FAH
AS,FBD
AS,GZI
AS,KWH
AS,HEA
AS,OAI
AS,JAA
AS,GRG
AS,KBL
AS,KDH
AS,KHT
AS,MMZ
AS,MZR
AS,URN
AS,LQN
AS,OAS
AS,OAH
AS,SGA
AS,TII
AS,TQN
AS,UND
AS,OAZ
AS,ZAJ
AS,BAH
NA,OBK
AF,OCS
AS,AHB
AS,HOF
AS,ABT
AS,BHH
AS,DMM
AS,DWD
AS,DHA
AS,GIZ
AS,ELQ
AS,URY
AS,HAS
AS,QJB
AS,JED
AS,KMC
AS,KMX
AS,MED
AS,EAM
AS,NUM
AS,AQI
AS,AKH
AS,RAH
AS,RUH
AS,RAE
AS,XXN
AS,SHW
AS,AJF
AS,SLF
AS,TUU
AS,TIF
AS,TUI
AS,WAE
AS,EJH
AS,YNB
AS,ZUL
OC,OGE
NA,OGM
AS,IAQ
AS,ABD
AS,DEF
AS,AKW
AS,GCH
AS,OMI
AS,MRX
AS,AWZ
AS,AEU
AS,BUZ
AS,YEH
AS,KNR
AS,KIH
AS,BDH
AS,PGU
AS,KHK
AS,SXI
AS,LVP
AS,KSH
AS,IIL
AS,KHD
AS,SDG
AS,IFH
AS,KKS
AS,IFN
AS,CQD
AS,RAS
AS,HDM
AS,AJK
AS,IKA
AS,THR
AS,GZW
AS,PYK
AS,SNX
AS,BND
AS,JYR
AS,KER
AS,BXR
AS,HDR
AS,RJN
AS,SYJ
AS,XBJ
AS,CKT
AS,RUD
AS,MHD
AS,BJB
AS,AFZ
AS,TCX
AS,KLM
AS,GBT
AS,BSM
AS,NSH
AS,RZR
AS,SRY
AS,FAZ
AS,JAR
AS,LRR
AS,LFM
AS,SYZ
AS,YES
AS,KHY
AS,ADU
AS,ACP
AS,PFQ
AS,OMH
AS,TBZ
AS,IMQ
AS,JWN
AS,AZD
AS,ACZ
AS,ZBR
AS,ZAH
AS,IHR
AS,JSK
AS,AMM
AS,ADJ
AS,AQJ
AS,JRS
AS,OMF
NA,DWN
AS,XIJ
AS,KWI
OC,OKV
AS,BEY
AS,KYE
OC,OLQ
AS,BYB
AS,AOM
AS,DQM
AS,MNH
AS,AUH
AS,AZI
AS,AAN
AS,DHF
AS,XSB
AS,DXB
AS,NHD
AS,DWC
AS,FJR
OC,OML
AS,OMN
AS,RKT
AS,SHJ
AS,OMY
OC,ONB
AS,RMB
AS,FAU
AS,RNM
AS,JNJ
AS,KHS
AS,LKW
AS,MSH
AS,MCT
AS,OMM
AS,SLL
AS,OHS
AS,SUH
AS,TTH
AS,DDU
AS,BHW
AS,BNP
AS,WGB
AS,BHV
AS,CJL
AS,CHB
AS,DBA
AS,DDU
AS,DEA
AS,DSK
AS,LYP
AS,GWD
AS,GIL
AS,ISB
AS,JAG
AS,JIW
AS,KHI
AS,HDD
AS,KDD
AS,KBH
AS,OHT
AS,LHE
AS,LRG
AS,XJM
AS,MFG
AS,MWD
AS,MJD
AS,MPD
AS,ATG
AS,MUX
AS,WNS
AS,NHS
AS,ORW
AS,PAJ
AS,PJG
AS,PSI
AS,PEW
AS,UET
AS,RYK
AS,RAZ
AS,SBQ
AS,KDU
AS,SKZ
AS,SYW
AS,SGI
AS,SDT
AS,SKT
AS,SUL
AS,SWN
AS,TLB
AS,BDN
AS,TFT
AS,TUK
AS,WAF
AS,PZH
AS,IQA
AS,TQD
AS,BMN
AS,BGW
AS,OSM
AS,EBL
AS,KIK
AS,BSR
AS,NJF
AS,RQW
AS,ISU
AS,XNH
AS,ALP
AS,DAM
AS,DEZ
OC,OSE
OC,OSG
AS,KAC
AS,LTK
AS,PMS
AS,DIA
AS,XJD
AS,DOH
SA,OTT
OC,OTY
AF,OUM
OC,OXO
AS,ADE
AS,EAB
AS,AXK
AS,BYD
AS,BHN
AS,BUK
AS,AAY
AS,HOD
AS,KAM
AS,MYN
AS,UKR
AS,IHN
AS,RIY
AS,SYE
AS,SAH
AS,SCT
AS,GXF
AS,TAI
NA,ACU
NA,AIL
NA,CTE
NA,MPP
NA,PYC
NA,NMG
NA,PYV
NA,AML
NA,BFQ
NA,ELE
NA,OTD
NA,SAX
NA,AKB
NA,PML
NA,PTD
NA,PAQ
NA,ATU
NA,BTI
NA,BET
NA,BVU
NA,BIG
NA,BKC
NA,BMX
NA,BRW
NA,BTT
NA,CDB
NA,CEM
NA,CIK
NA,CYF
NA,SCM
NA,IRC
NA,CDV
NA,CXF
NA,CYT
NA,CZF
NA,DRG
NA,RDB
NA,ADK
NA,DLG
NA,MLL
NA,ADQ
NA,DUT
NA,KKH
NA,EDF
NA,EEK
NA,EAA
NA,EHM
NA,EIL
NA,ELV
NA,EMK
NA,ENA
NA,WWT
NA,FAI
NA,FBK
NA,ABL
NA,FRN
NA,NIB
NA,FMC
NA,FWL
NA,GAL
NA,GBH
NA,KWK
NA,SHG
NA,GKN
NA,GLV
NA,GAM
NA,AGN
NA,BGQ
NA,GST
NA,NME
NA,SGY
NA,HCR
NA,HSL
NA,HNS
NA,HOM
NA,HPB
NA,HUS
NA,SHX
NA,HYG
NA,IGG
NA,EGX
NA,IAN
NA,ILI
NA,UTO
NA,MCL
NA,WAA
NA,JNU
NA,KGK
NA,KDK
NA,KFP
NA,AKK
NA,KPN
NA,KKA
NA,LKK
NA,AKN
NA,IKO
NA,AKP
NA,KTN
NA,UUK
NA,KAL
NA,KLW
NA,KYK
NA,KLN
NA,KLG
NA,DQH
NA,WCR
NA,LUR
NA,KMO
NA,MCG
NA,MDO
NA,LMA
NA,SMK
NA,MLY
NA,MTM
NA,MOU
NA,MRI
NA,MXY
NA,MYU
NA,WNA
NA,ANC
NA,ANI
NA,ENN
NA,NNL
NA,FNR
NA,ANN
NA,NUL
NA,ANV
NA,KNW
NA,OBU
NA,PCA
NA,HNH
NA,OME
NA,OOK
NA,ORT
NA,OTZ
NA,NLG
NA,STG
NA,KPC
NA,KPV
NA,PSG
NA,PTH
NA,PKA
NA,PTU
NA,PIP
NA,PHO
NA,PPC
NA,KWN
NA,NUI
NA,ARC
NA,RSH
NA,RBY
NA,SVA
NA,SCC
NA,SDP
NA,SHH
NA,SIT
NA,WLK
NA,SLQ
NA,KSM
NA,SNP
NA,SOV
NA,SMU
NA,UMM
NA,SVW
NA,SKW
NA,SXQ
NA,SYA
NA,TAL
NA,TNC
NA,TLA
NA,TOG
NA,TKA
NA,TLJ
NA,ATK
NA,AUK
NA,UMT
NA,UNK
NA,WOW
NA,VAK
NA,KVC
NA,VDZ
NA,VEE
NA,KVL
NA,WBQ
NA,SWD
NA,WRG
NA,AIN
NA,WMO
NA,WTK
NA,WWA
NA,YAK
OC,CIS
NA,PCO
AS,PCQ
OC,PDI
SA,PDR
SA,MFT
NA,PEC
NA,AKI
NA,AET
NA,PFC
NA,NCN
NA,CLP
NA,ELI
NA,KUK
NA,KNK
NA,KOT
NA,KTS
NA,KYU
NA,KWT
NA,ORV
NA,SKK
NA,TKJ
NA,WSN
NA,FYU
OC,CPN
OC,EMI
OC,ERE
OC,ESA
OC,GAR
OC,GOE
OC,BPD
OC,BPK
OC,NWT
OC,SGK
OC,KII
OC,AKG
OC,TAJ
OC,AWB
OC,BAA
OC,CVB
OC,GMI
OC,GVI
OC,HYF
OC,IHU
OC,IIS
OC,JAQ
OC,KDR
OC,KKD
OC,KUY
OC,KWO
OC,KXR
OC,LMI
OC,LMY
OC,OBX
OC,OPU
OC,SKC
OC,TFI
OC,TFM
OC,TLO
OC,UKU
OC,ULE
OC,VMU
OC,WPM
OC,PGE
NA,PGM
AF,PGP
OC,ROP
OC,SPN
OC,UAM
OC,GUM
OC,TIQ
AS,CGY
AS,ENI
NA,BKH
NA,HDH
NA,HHI
NA,HNM
NA,JHM
NA,JRF
NA,KOA
NA,HKP
NA,LIH
NA,LUP
NA,MKK
NA,MUE
NA,NGF
NA,HNL
NA,LNY
NA,OGG
NA,PAK
NA,BSF
NA,ITO
NA,UPP
OC,JON
AS,BHC
AS,CWP
AS,GRT
AS,HRA
AS,KCF
AS,REQ
AS,RZS
AS,SWV
OC,ENT
OC,MAJ
SA,KAI
OC,KWA
OC,CXI
OC,PLE
OC,TNV
OC,TNQ
OC,MDY
AS,PMM
OC,PMP
NA,PIZ
OC,PPX
AS,PQD
NA,DDP
NA,HUC
NA,PPD
AS,XSO
OC,TKK
OC,PNI
OC,ROR
OC,KSA
OC,YAP
OC,PUA
OC,PUI
OC,AWK
NA,PWR
SA,BFA
SA,OLK
SA,PBT
SA,PCJ
NA,PYL
OC,KIO
NA,QFX
OC,RAA
OC,RAW
OC,RAX
OC,RBP
AS,KNH
AS,LZN
AS,TTT
AS,GNI
AS,KHH
AS,CYI
AS,HCN
AS,TXG
AS,KYD
AS,RMQ
AS,MFK
OC,RCN
AS,TNN
AS,HSZ
AS,MZG
AS,PIF
AS,TSA
AS,TPE
AS,WOT
AS,HUN
NA,RDV
NA,REH
OC,RGE
AS,RHR
AS,RHT
AS,NRT
AS,MMJ
AS,IBR
AS,MUS
AS,IWO
AS,KIX
AS,SHM
AS,UKB
AS,HIW
AS,TJH
AS,OBO
AS,CTS
AS,HKD
AS,KUH
AS,MMB
AS,SHB
AS,OKD
AS,RBJ
AS,WKJ
AS,AXJ
AS,IKI
AS,UBJ
AS,TSJ
AS,MBE
AS,AKJ
AS,OIR
AS,RIS
AS,KUM
AS,FUJ
AS,FUK
AS,TNE
AS,KOJ
AS,KMI
AS,OIT
AS,KKJ
AS,HSG
AS,KMJ
AS,NGS
AS,NGO
AS,ASJ
AS,OKE
AS,KKX
AS,TKN
AS,NKM
AS,FKJ
AS,QGU
AS,KMQ
AS,OKI
AS,FSZ
AS,TOY
AS,NTQ
AS,HIJ
AS,OKJ
AS,IZO
AS,YGJ
AS,IWK
AS,KCZ
AS,MYJ
AS,ITM
AS,TTJ
AS,TKS
AS,TAK
AS,IWJ
AS,AOJ
AS,GAJ
AS,SDS
AS,FKS
AS,HHE
AS,HNA
AS,AXT
AS,MSJ
AS,KIJ
AS,ONJ
AS,SDJ
AS,SYO
AS,NJA
AS,HAC
AS,OIM
AS,MYE
AS,HND
AS,OKO
AS,MWX
AS,KWJ
AS,KUV
AS,MPK
AS,CHN
AS,RSU
AS,QUN
AS,SHO
AS,KAG
AS,WJU
AS,YNY
AS,CJU
AS,JDG
AS,CHF
AS,PUS
AS,HIN
AS,USN
AS,QJP
AS,ICN
AS,SSN
AS,OSN
AS,GMP
AS,SWU
AS,QDY
AS,KPO
AS,TAE
AS,HMY
AS,CJJ
AS,YEC
OC,RKU
OC,RKY
OC,RLP
NA,RMP
EU,RMU
OC,RNR
AS,OKA
AS,DNA
AS,UEO
AS,KJP
AS,MMD
AS,MMY
AS,AGJ
AS,IEJ
AS,HTR
AS,KTD
AS,SHI
AS,TRA
AS,RNJ
AS,OGN
AS,BSI
AS,SFS
AS,CRK
AS,LAO
AS,MNL
AS,CYU
AS,LGP
AS,SGL
AS,LBX
AS,AAV
AS,CBO
AS,DVO
AS,BXU
AS,BPH
AS,DPL
AS,CGM
AS,IGN
AS,JOL
AS,MLP
AS,TWT
AS,OZC
AS,PAG
AS,MXI
AS,GES
AS,SUG
AS,CDY
AS,IPE
AS,TDG
AS,ZAM
AS,IAO
AS,RZP
AS,SWL
AS,BAG
AS,DTE
AS,SJI
AS,MBO
AS,WNP
AS,BSO
AS,BQA
AS,SFE
AS,TUG
AS,VRC
AS,MRQ
AS,CYZ
OC,RPV
AS,TAC
AS,BCD
AS,CYP
AS,DGT
AS,MPH
AS,CRM
AS,ILO
AS,MBT
AS,KLO
AS,CEB
AS,OMC
AS,PPS
AS,RXS
AS,EUQ
AS,TAG
AS,TBH
AS,USU
AF,RRM
OC,RSE
EU,NGK
EU,GRV
EU,KDY
EU,DLR
EU,VUS
OC,RUU
AF,RVC
NA,RZH
NA,LPS
NA,KEH
SA,MJR
SA,CCT
SA,COC
SA,GHU
SA,JNI
SA,PRA
SA,ROS
SA,SFN
SA,AEP
SA,LCM
SA,COR
SA,FDO
SA,LPG
SA,EPA
SA,EZE
SA,RAF
SA,HOS
SA,CVH
SA,GNR
SA,RDS
SA,APZ
OC,SAM
SA,MDZ
SA,LGS
SA,AFA
SA,CTC
SA,SDE
SA,IRJ
SA,RHD
SA,TUC
SA,UAQ
SA,CRR
SA,RCU
SA,VDR
SA,VME
SA,RLO
SA,LUQ
SA,CNQ
SA,RES
SA,FMA
SA,IGR
SA,AOL
SA,MCS
SA,PSS
NA,SAS
SA,SLA
SA,JUJ
SA,ORA
SA,TTG
SA,CLX
SA,ELO
SA,OYA
SA,LLS
SA,MDX
SA,RCQ
SA,UZU
SA,EHL
SA,CRD
SA,EMX
SA,EQS
SA,LHS
SA,IGB
SA,OES
SA,MQD
SA,ARR
SA,SGV
SA,REL
SA,VDM
SA,PMY
SA,ING
SA,FTE
SA,PUD
SA,RGA
SA,RGL
SA,USH
SA,ULA
SA,ROY
SA,PMQ
SA,GGS
SA,JSM
SA,RYO
SA,RZA
SA,BHI
SA,CSZ
SA,OVR
SA,GPO
SA,OYO
SA,SST
SA,MDQ
SA,NQN
SA,NEC
SA,PEH
SA,RSA
SA,BRC
SA,TDL
SA,VLG
SA,CUT
SA,CPC
OC,VIU
SA,SB2
SA,CDJ
SA,ARX
SA,AQA
SA,AJU
SA,AFL
SA,ARU
SA,AAX
SA,BEL
SA,BGX
SA,PLU
SA,BFH
SA,BJP
SA,BSB
SA,BAT
SA,BAU
SA,BVB
SA,BPG
SA,BZC
SA,CAC
SA,CFB
SA,CFC
SA,CNF
SA,CGR
SA,XAP
SA,CLN
SA,CKS
SA,CCM
SA,CLV
SA,CAW
SA,CMG
SA,CWB
SA,CRQ
SA,CXJ
SA,CGB
SA,CZS
SA,BYO
SA,PPB
SA,MAO
SA,JCR
SA,ESI
SA,IGU
SA,FLN
SA,FEN
SA,FOR
SA,GIG
SA,GJM
SA,GYN
SA,GRU
SA,GPB
SA,GVR
SA,GUJ
SA,ATM
SA,ITA
SA,ITB
SA,IOS
SA,IPN
SA,ITR
SA,IMP
SA,JJG
SA,JDF
SA,JPA
SA,JDO
SA,JOI
SA,CPV
SA,VCP
SA,LEC
SA,LAJ
SA,LIP
SA,LDB
SA,LAZ
SA,MAB
SA,MQH
SA,MEU
SA,MEA
SA,MGF
SA,MOC
SA,MII
SA,PLL
SA,MCZ
SA,MCP
SA,MVF
SA,MNX
SA,NVT
SA,GEL
SA,OYK
SA,POA
SA,PHB
SA,POO
SA,PFB
SA,PMW
SA,PET
SA,PNZ
SA,PNB
SA,PMG
SA,BPS
SA,PVH
SA,RBR
SA,REC
SA,SDU
SA,RAO
SA,BRB
SA,SNZ
SA,NAT
SA,SJK
SA,SLZ
SA,RIA
SA,STM
SA,SMT
SA,CGH
SA,SJP
SA,SSZ
SA,SSA
SA,QHP
SA,TMT
SA,UNA
SA,TOW
SA,THE
SA,TFF
SA,TRQ
SA,TEC
SA,TSQ
SA,TBT
SA,TUR
SA,SJL
SA,PAV
SA,URG
SA,UDI
SA,UBA
SA,VAG
SA,BVH
SA,VIX
SA,QPS
SA,IZA
SA,ZUD
SA,LOB
SA,WAP
SA,ARI
SA,WPA
SA,CPO
SA,BBA
SA,TOQ
SA,DPB
SA,CCH
SA,CJC
SA,YAI
SA,PUQ
SA,COW
SA,GXQ
SA,IQQ
SA,SCL
SA,ESR
SA,FRT
SA,ANF
SA,WPR
SA,FFU
SA,LSQ
SA,WPU
SA,LGR
SA,CCP
SA,IPC
SA,ZOS
SA,CPP
SA,VLR
SA,ZLR
SA,PNT
SA,OVL
SA,ZPC
SA,MHC
SA,PUX
SA,ZCO
NA,SCR
SA,CNR
SA,VAP
SA,QRC
AN,TNM
SA,SMB
SA,LSC
SA,SSD
SA,WCA
SA,PZS
SA,PMC
SA,ULC
SA,TLX
SA,WCH
SA,ZIC
SA,TTC
SA,ZAL
SA,KNA
SA,CPQ
SA,QCJ
SA,OLC
SA,SOD
SA,QDC
OC,SDI
SA,JLS
SA,QOA
SA,QGC
SA,QNV
SA,OUS
SA,OIA
SA,QHB
SA,QIQ
SA,REZ
SA,QSC
SA,UBT
SA,ITP
SA,VOT
SA,QGB
SA,IZA
EU,SCR
SA,ATF
SA,OCC
SA,CUE
SA,GPS
SA,GYE
SA,IBB
SA,JIP
SA,LTX
SA,MRR
SA,XMS
SA,MCH
SA,MEC
SA,LGQ
SA,PYO
SA,PVO
SA,UIO
SA,ETR
SA,SNC
SA,SUQ
SA,PTZ
SA,SCY
SA,BHA
SA,TSC
SA,TPN
SA,LOH
SA,ESM
SA,TPC
SA,TUA
SA,PSY
NA,SFR
OC,SFU
SA,ASU
SA,AYO
SA,CIO
SA,ENO
SA,AGT
SA,FLM
AS,SGL
SA,ESG
SA,PIL
SA,PJC
NA,SIC
SA,LVR
SA,FRC
OC,SIZ
SA,JUA
NA,SJF
SA,CFO
SA,NPR
SA,RIG
SA,JTC
SA,ARS
SA,ACM
SA,ECO
SA,ARO
SA,JUO
SA,SJR
SA,NPU
SA,PCC
SA,SQF
SA,AYI
SA,ACL
SA,CUI
SA,MOY
SA,EUO
SA,PRE
SA,SQE
SA,TAU
SA,AYC
SA,DZI
SA,DZI
SA,SJH
SA,BHF
SA,GGL
SA,UNC
SA,AYA
SA,NBB
SA,MND
SA,NAD
SA,GCA
SA,SRO
SA,BAC
SA,CQT
SA,ELJ
SA,LMC
SA,SOH
SA,URI
SA,ECR
SA,MQR
SA,ISD
SA,AZT
SA,HRR
SA,SQB
SA,LPE
SA,ARF
SA,MFB
SA,MHF
SA,CSR
SA,LPE
SA,ACR
SA,ACD
SA,AFI
SA,ADN
SA,API
SA,AXM
SA,PUU
SA,ELB
SA,BGA
SA,BOG
SA,BAQ
SA,BSC
SA,BUN
SA,CPB
SA,CUC
SA,COG
SA,CTG
SA,CCO
SA,CLO
SA,CIM
SA,RAV
SA,TCO
SA,CUO
SA,CAQ
SA,CVE
SA,CZU
SA,EBG
SA,EJA
SA,FLA
SA,FDA
SA,LGT
SA,GIR
SA,CRC
SA,GPI
SA,CPL
SA,HTZ
SA,IBE
SA,IGO
SA,IPI
NA,SKJ
SA,APO
SA,LQM
SA,MCJ
SA,LPD
SA,LET
SA,EOH
SA,MFS
SA,MGN
SA,MTB
SA,MTR
SA,MVP
SA,MZL
SA,NCI
SA,NQU
SA,NVA
SA,OCV
SA,ORC
SA,OTU
SA,PCR
SA,PDA
SA,PEI
SA,PTX
SA,PLT
SA,NAR
SA,PPN
SA,PAL
SA,PBE
SA,PSO
SA,PVA
SA,PZA
SA,MQU
SA,MDE
SA,RCH
SA,RVE
SA,SJE
SA,SSL
SA,SMR
SA,SOX
SA,ADZ
SA,SRS
SA,SVI
SA,TIB
SA,TDA
SA,TLU
SA,TME
SA,TQS
SA,TRB
SA,AUC
SA,UIB
SA,ULQ
SA,URR
SA,VGZ
SA,PYA
SA,VUP
SA,VVC
SA,AYG
SA,EYP
SA,MHW
SA,SRE
SA,APB
SA,ASC
SA,BJO
SA,CAM
SA,CBB
SA,CCA
SA,CIJ
SA,CEP
SA,SRZ
SA,GYA
SA,BVK
OC,SLJ
SA,SJS
SA,SJB
SA,SJV
SA,LPB
SA,MGD
SA,ORU
SA,POI
SA,PUR
SA,PSZ
SA,SRD
SA,RBO
SA,RIB
SA,REY
SA,SBL
SA,SRJ
SA,SNG
SA,SNM
SA,SRB
SA,MQK
SA,TJA
SA,TDD
SA,UYU
SA,VAH
SA,VLM
SA,VVI
SA,BYC
SA,ABN
SA,TOT
SA,DRJ
OC,SMH
SA,PBM
SA,MOJ
SA,ICK
OC,SMP
SA,OEM
SA,SMZ
SA,AGI
SA,ORG
SA,APY
SA,APQ
SA,AMJ
SA,AIF
SA,BDC
SA,BVM
SA,BRA
SA,BSS
SA,BMS
SA,BQQ
SA,CTP
SA,CPU
SA,QCH
SA,RDC
SA,LEP
SA,DTI
SA,DIQ
SA,CNV
SA,SXX
SA,GUZ
SA,GDP
SA,GNM
SA,QGP
SA,ITN
SA,IRE
SA,QIG
SA,QIT
SA,IPU
SA,JCM
SA,FEC
SA,JEQ
SA,JNA
SA,JDR
SA,CMP
SA,CDI
SA,QCP
SA,SSO
SA,MTE
SA,MVS
SA,SBJ
SA,PTQ
SA,NNU
SA,PSW
SA,FEJ
SA,ORX
SA,PCS
SA,POJ
SA,PIV
NA,SNQ
SA,FLB
SA,PDF
SA,CAU
SA,SFK
SA,TXF
SA,OBI
SA,TFL
SA,VAL
SA,QID
SA,BVS
SA,CMC
SA,PHI
SA,ITI
SA,GMS
SA,PPY
SA,ITE
AF,BXX
OC,GTA
AS,SOA
SA,CAY
SA,GSI
OC,SOI
SA,MPY
SA,OYP
SA,LDX
SA,REI
SA,XAU
AS,SOR
SA,APE
SA,ALD
SA,AOP
SA,AYX
SA,MBP
SA,BLP
SA,IBP
SA,PCL
SA,TDP
SA,CHM
SA,TGI
SA,CIX
SA,AYP
SA,ANS
SA,ATA
SA,UMI
SA,LIM
SA,UCZ
SA,RIJ
SA,JAE
SA,JJI
SA,JAU
SA,JUL
SA,SJA
SA,CJA
SA,RIM
SA,ILQ
SA,TBP
SA,MZA
SA,SMG
SA,YMS
SA,HUU
SA,SQU
SA,CHH
SA,IQT
SA,AQP
SA,TRU
SA,PIO
SA,TPP
SA,SYC
SA,TCQ
SA,PEM
SA,PIU
SA,TYL
SA,NZC
SA,CUZ
AS,SQD
AS,SQJ
OC,SQT
SA,AAJ
SA,KCB
NA,SRF
NA,SRL
OC,SRM
NA,SRU
NA,SRV
SA,CZB
SA,APU
SA,BGV
SA,BNU
SA,CCI
SA,CSS
SA,QCN
SA,CKO
SA,DOU
SA,ERM
SA,FBE
SA,QGA
SA,HRZ
SA,IJU
SA,ITQ
SA,JCB
SA,CBW
SA,QDB
SA,QCR
SA,OAL
SA,LOI
SA,ALQ
SA,QMF
SA,QGF
SA,QHV
SA,SQX
SA,APX
SA,PTO
SA,PNG
SA,PVI
SA,PBB
SA,QAC
SA,SQY
OC,SSS
SA,JBS
SA,CSU
SA,TJL
NA,SSU
SA,UMU
SA,ZFU
AS,SSV
SA,VIA
SA,CTQ
SA,QVR
SA,AXE
SA,AAG
SA,SRA
SA,PGZ
SA,ATI
SA,BUV
SA,CYR
SA,DZO
SA,PDP
SA,MLZ
SA,MVD
SA,PDU
SA,RVY
SA,STY
SA,TAW
SA,TYT
SA,VCH
OC,SUZ
SA,AGV
SA,AAO
SA,LPJ
SA,BLA
SA,BNS
SA,BRM
SA,MYC
SA,CBL
SA,CXA
SA,ZRZ
SA,CUV
SA,CLZ
SA,CAJ
SA,VCR
SA,CUP
SA,CZE
SA,CUM
SA,PPZ
SA,EOR
SA,EOZ
SA,GDO
SA,GUI
SA,GUQ
SA,HGE
SA,ICA
SA,ICC
SA,LSP
SA,KAV
SA,LFR
SA,MAR
SA,MRD
SA,PMV
SA,CCS
SA,MUN
SA,CBS
SA,PYH
SA,PBL
SA,PDZ
SA,PPH
SA,SCI
SA,PZO
SA,PTM
SA,LRV
NA,SVS
SA,SVZ
SA,SBB
SA,SNV
SA,STD
SA,SNF
SA,SFD
SA,SOM
SA,STB
SA,TUV
SA,TMO
SA,URM
SA,VLN
SA,VIG
SA,VLV
SA,VDP
SA,BAZ
SA,LCB
SA,RBB
SA,CAF
SA,CQS
SA,DMT
SA,DNO
OC,SWE
SA,ERN
SA,CQA
SA,SXO
OC,SWG
SA,GRP
SA,AUX
SA,HUW
SA,IPG
SA,IDO
SA,JPR
SA,JIA
SA,JRN
SA,JTI
SA,CCX
SA,CIZ
SA,TLZ
SA,LBR
SA,RVD
SA,MBZ
SA,NVP
SA,AQM
SA,BCR
SA,NQL
SA,APS
SA,FBA
SA,PBV
SA,PIN
SA,PBQ
SA,PBX
OC,SWR
SA,AAI
SA,ROO
SA,AIR
SA,OPS
SA,STZ
SA,IRZ
SA,TGQ
SA,AZL
SA,QHN
SA,SQM
SA,MTG
SA,VLP
SA,MBK
SA,NOK
OC,SXH
NA,SXP
SA,AHL
SA,NAI
NA,SYB
SA,BMJ
SA,GFO
SA,GEO
NA,SYF
SA,OGL
SA,IMB
SA,KAR
SA,KRM
SA,KRG
SA,KTO
SA,KKG
NA,SYL
SA,LUB
SA,LTM
SA,USI
SA,MHA
SA,VEG
SA,MYM
SA,MWJ
NA,SYN
SA,QSX
SA,ORJ
SA,PMT
SA,PRR
SA,SDC
SA,SKM
NA,SZN
NA,SZP
OC,TAA
NA,ANU
NA,BBQ
OC,TBA
OC,TBE
NA,BGI
OC,TBQ
OC,TBV
OC,TCK
NA,TCT
OC,TDB
NA,DCF
NA,DOM
OC,TDS
OC,TEO
OC,TFB
NA,DSD
NA,BBR
NA,SFC
NA,FDF
NA,SFG
NA,SBH
NA,GBJ
NA,PTP
NA,LSS
AF,TFY
OC,TGL
NA,GND
NA,CRU
AS,THW
OC,TIG
NA,STT
NA,STX
NA,ARE
NA,BQN
NA,TJC
NA,VQS
NA,CPX
NA,FAJ
NA,SIG
NA,MAZ
NA,PSE
NA,NRR
NA,SJU
NA,VQS
NA,TKE
NA,TKL
NA,SKB
NA,NEV
OC,TLP
NA,SLU
NA,UVF
NA,TLT
AF,NBE
NA,AUA
NA,BON
NA,CUR
NA,EUX
NA,SXM
NA,SAB
SA,TNW
OC,TOK
NA,TOV
NA,PTA
AF,TPT
NA,AXA
AS,BGG
AS,OGU
AS,IGD
NA,MNI
NA,TSG
OC,TSI
OC,TSK
NA,TAB
NA,POS
AS,TTW
NA,TUE
AF,TUJ
NA,NGD
NA,EIS
NA,VIJ
OC,TUT
SA,BR-
NA,SVD
NA,BQU
NA,CIW
NA,MQS
NA,UNI
NA,SVD
AS,DSX
AS,CMJ
NA,TWH
NA,BDA
NA,TYE
AF,GIT
AF,LUY
AF,TZO
NA,DBS
EU,MXR
EU,KHU
AS,ALA
AS,BXH
AS,BXJ
AS,TSE
AS,KOV
AS,PPK
AS,DMB
OC,UAE
AS,IKU
AS,FRU
AS,OSS
AS,CIT
AS,DZN
AS,KGF
AS,KZO
AS,URA
AS,EKB
AS,SZI
AS,UKK
AS,PWQ
AS,PLX
AS,SCO
AS,GUW
AS,AKX
AS,AYK
AS,KSN
AS,GYD
AS,KVD
AS,LLK
AS,NAJ
AS,GBB
AS,ZTU
AS,YLV
OC,UBI
AS,LWN
AS,EVN
AS,BQJ
EU,SUK
EU,UKG
EU,TLK
AS,ADH
AS,YKS
AS,NER
EU,MQJ
EU,GYG
EU,OLZ
EU,USR
EU,UMS
AS,VHV
EU,NYR
AS,SUY
AS,VYI
AS,ULK
EU,ONK
AS,PYJ
AS,MJZ
EU,SYS
EU,BGN
EU,SEK
AS,CKH
AS,CYX
AS,IKS
AS,ZKP
AF,KHX
AF,OYG
NA,UGB
AS,KUT
AS,BUS
AS,SUI
AS,TBS
AS,BQS
EU,GDG
EU,TYD
AS,KHV
AS,KXK
AS,GVN
EU,DYR
EU,PVS
EU,KPW
AS,GDX
EU,KVM
AS,PWE
EU,BQG
EU,NLI
AS,OHO
AS,PKC
EU,BVV
AS,OHH
EU,ITU
EU,EKS
AS,DEE
AS,ZZO
AS,UUS
EU,AEM
EU,ETL
EU,EDN
EU,KVR
AS,TLY
EU,NEI
AS,VVO
EU,HTA
AS,BTK
AS,UIK
AS,IKT
AS,ODO
AS,ERG
AS,KCK
AS,UKX
AS,UUD
OC,UJE
AS,UJN
EU,KBP
EU,DOK
EU,KRQ
EU,MPW
EU,SEV
EU,VSG
EU,ERD
EU,DNK
EU,OZH
EU,KWG
EU,UKS
EU,SIP
EU,KHC
AS,UKH
EU,HRK
EU,PLV
EU,UMY
EU,CKC
EU,KGO
EU,IEV
EU,GML
EU,ZTR
EU,UCK
EU,HMJ
EU,IFO
EU,LWO
EU,CWC
EU,RWN
EU,UDJ
EU,KHE
EU,NLV
EU,ODS
EU,CEJ
EU,VIN
EU,ARH
EU,LDG
EU,NNM
EU,CSH
EU,CEE
AS,AMV
EU,VRI
AS,ULH
EU,KSZ
EU,LED
EU,KVK
EU,MMK
EU,NVR
EU,VLU
EU,PKV
EU,PES
EU,RVH
EU,VGD
EU,BQT
EU,GME
EU,VTB
EU,KGD
EU,GNA
EU,MHP
EU,MSQ
EU,MVQ
AS,ABA
AS,BAX
AS,RGK
AS,KEJ
AS,EIE
EU,TGP
EU,KJA
AS,ACS
AS,KYZ
AS,OVB
AS,OMS
AS,SWT
AS,TOF
EU,NOZ
AS,DKS
AS,HTG
AS,IAA
AS,NSK
AS,THX
SA,URB
EU,AAQ
EU,EIK
EU,GDZ
EU,KRR
EU,MCX
EU,MRV
EU,NAL
EU,OGZ
EU,IGT
EU,STW
EU,ROV
EU,RVI
EU,TGK
EU,VLK
EU,AER
EU,ASF
EU,ESL
EU,VOG
NA,LHU
NA,AHT
NA,BNH
NA,XWA
NA,RTL
NA,BPA
EU,CEK
EU,MQF
EU,SBT
AS,SLY
AS,YMK
EU,KKQ
AS,TQL
EU,UEN
AS,EZV
AS,HMA
AS,IRM
EU,NYA
AS,OVS
AS,URJ
EU,EYK
EU,IJK
EU,KVX
AS,NYM
AS,NUX
AS,NJC
AS,RAT
OC,USO
EU,PEE
AS,KGP
AS,NFG
AS,NOJ
AS,SGC
AS,SVX
AS,TOX
AS,TJM
AS,KRO
AS,BKN
NA,GMV
AS,ASB
AS,KRW
AS,MYP
AS,TAZ
AS,CRZ
AS,DYU
AS,TJU
AS,LBD
AS,KQT
AS,AZN
AS,FEG
AS,NMA
AS,NCU
AS,UGC
AS,NVI
AS,BHK
AS,KSQ
AS,AFS
AS,SKD
AS,TMJ
AS,TAS
NA,UTU
EU,KMW
EU,BKA
EU,KLF
EU,IWA
EU,RYB
EU,BZK
EU,ZIA
EU,DME
EU,IAR
EU,SVO
EU,KLD
EU,OSF
EU,CKL
EU,EGO
EU,URS
EU,LPK
EU,VOZ
EU,OEL
EU,TBW
OC,UUU
EU,RZN
EU,TYA
EU,VKO
EU,UCT
AS,INA
EU,PEX
EU,USK
AS,VKT
EU,UTS
EU,SCW
EU,GOJ
EU,UUA
EU,KZN
EU,NBC
EU,JOK
EU,CSY
AS,ZIX
EU,ULV
EU,ULY
EU,REN
EU,OSW
EU,PEZ
EU,SKX
EU,BWO
EU,RTW
EU,BCX
EU,NEF
EU,OKT
EU,UFA
EU,KUF
NA,UZM
AS,UZR
AS,REW
AS,DIU
AS,AMD
AS,AKD
AS,IXU
AS,BOM
AS,PAB
AS,BHJ
AS,IXG
AS,BDQ
AS,BHO
AS,BHU
AS,NMB
AS,GUX
AS,GOI
AS,HBX
AS,IDR
AS,JLR
AS,JGA
AS,IXY
AS,HJR
AS,KLH
AS,IXK
AS,NDC
AS,NAG
AS,ISK
AS,PNQ
AS,PBD
AS,RTC
AS,RAJ
AS,RPR
AS,SAG
AS,SSE
AS,STV
AS,UDR
AS,CMB
AS,ACJ
AS,BTC
AS,RML
AS,ADP
AS,HIM
AS,JAF
AS,KCT
AS,KTY
AS,GIU
AS,TRR
AS,WRZ
AS,HRI
AS,BBM
AS,KZC
AS,KKZ
AS,KTI
AS,MWV
AS,PNH
AS,RBE
AS,REP
AS,TNX
AS,KOS
AS,KZD
SA,ELX
SA,LGY
SA,ZRZ
SA,KTV
SA,LAG
SA,SFX
SA,SVV
SA,WOK
AS,IXV
AS,IXA
AS,IXB
AS,RGH
AS,SHL
AS,BBI
AS,CCU
AS,COH
AS,DBD
AS,RDP
AS,DEP
AS,GOP
AS,GAU
AS,GAY
AS,IMF
AS,JRG
AS,PYB
AS,IXW
AS,JRH
AS,IXQ
AS,IXH
AS,IXS
AS,IXN
AS,AJL
AS,IXI
AS,LDA
AS,DIB
AS,DMU
AS,MZU
AS,IXT
AS,PAT
AS,IXR
AS,RRK
AS,RUP
AS,TEZ
AS,VTZ
AS,ZER
AS,BZL
AS,CXB
AS,CLA
AS,CGP
AS,IRD
AS,JSR
AS,LLJ
AS,RJH
AS,SPD
AS,TKR
AS,ZHM
AS,ZYL
AS,DAC
AS,HKG
AS,HKG
AS,HHP
NA,SPB
NA,SSB
AS,AGR
AS,IXD
AS,ATQ
AS,AIP
NA,VIB
AS,BKB
AS,VNS
AS,KUU
AS,BUP
AS,BEK
AS,IXC
AS,KNU
AS,DED
AS,DEL
EU,VIF
AS,DHM
AS,GWL
AS,HSS
AS,JDH
AS,JAI
AS,JSA
AS,IXJ
AS,KQH
AS,KTU
AS,LUH
AS,IXL
AS,LKO
AS,IXP
AS,PGH
AS,SLV
AS,SXR
AS,TNI
OC,VIV
AF,VJQ
AS,AOU
AS,HOE
AS,LPQ
AS,LXG
AS,ODY
AS,PKZ
AS,ZBY
AS,ZVK
AS,NEU
AS,VNA
AS,THK
AS,VTE
AS,XKH
AS,XIE
SA,VMI
AS,MFM
AS,VDH
AS,KON
AS,BJH
AS,BHP
AS,BGL
AS,BHR
AS,BJU
AS,BIT
AS,BWA
AS,BDP
AS,DNP
AS,DHI
AS,DAP
AS,DOP
AS,SIH
AS,GKH
AS,JIR
AS,JUM
AS,JKR
AS,JMO
AS,KTM
AS,LDN
AS,LUA
AS,LTG
AS,NGX
AS,MEY
AS,XMG
AS,KEP
AS,PKR
AS,PPL
AS,RJB
AS,RHP
AS,RUK
AS,RPA
AS,RUM
AS,SYH
AS,SIF
AS,SKH
AS,FEB
AS,IMK
AS,TPJ
AS,TPU
AS,TMI
AS,BIR
AS,LTU
AS,TCR
AS,AGX
AS,BEP
AS,BLR
AS,IXX
AS,VGA
AS,CJB
AS,COK
AS,CCJ
AS,CDP
AS,CBD
AS,HYD
AS,BPM
AS,CNN
AS,IXM
AS,IXE
AS,MAA
AS,MYQ
AS,IXZ
AS,PNY
AS,PUT
AS,RMD
AS,RJA
AS,SXV
AS,TJV
AS,TIR
AS,TRZ
AS,TRV
AS,WGC
AS,YON
AS,BUT
AS,GLU
AS,PBH
AS,IFU
AS,DRV
AS,FVM
AS,GAN
AS,HAQ
AS,KDO
AS,MLE
AS,GKK
AS,KDM
AS,DDD
AS,VAM
AS,TMF
AS,DMK
AS,KKM
AS,KDT
AS,TDX
AS,BKK
AS,UTP
AS,CNX
AS,HGN
AS,PYY
AS,LPT
AS,NNT
AS,PRH
AS,CEI
AS,BAO
AS,PHY
AS,HHQ
AS,TKH
AS,MAQ
AS,THS
AS,PHS
AS,TKT
AS,UTR
AS,URT
AS,NAW
AS,CJM
AS,NST
AS,KBV
AS,SGZ
AS,PAN
AS,USM
AS,HKT
AS,UNN
AS,HDY
AS,TST
AS,UTH
AS,SNO
AS,PXR
AS,KKC
AS,LOE
AS,BFV
AS,NAK
AS,UBP
AS,ROI
AS,KOP
AF,VUU
AS,BMV
AS,VCL
AS,HPH
AS,CAH
AS,CXR
AS,VCS
AS,VCA
AS,DIN
AS,DLI
AS,DAD
SA,VVN
AS,HAN
AS,SQH
AS,NHA
AS,HUI
AS,UIH
AS,PXU
AS,PQC
AS,PHA
AS,PHH
AS,VKG
AS,TBB
AS,SGN
AS,THD
AS,VDO
AS,VII
AS,VTG
AS,VBA
AS,NYU
AS,BMO
AS,VBP
AS,TVY
AS,NYT
AS,GAW
AS,GWA
AS,HEH
AS,HOX
AS,TIO
AS,KET
AS,KHM
AS,KMV
AS,KYP
AS,KAW
AS,KYT
AS,LIW
AS,LSH
AS,MDL
AS,MGZ
AS,MYT
AS,MNU
AS,MGU
AS,MOE
AS,MOG
AS,MGK
AS,MWQ
AS,NYW
AS,NMS
AS,NMT
AS,PAA
AS,PAU
AS,BSX
AS,PPU
AS,PBU
AS,PKK
AS,PRU
AS,AKY
AS,SNW
AS,THL
AS,XYE
AS,RGN
NA,FBS
NA,RSJ
NA,LKE
NA,RCE
AS,TQQ
NA,WSX
AS,UPG
AS,MJU
OC,WAB
AS,BIK
AS,ONI
AS,WET
AS,NBX
AS,ILA
AS,KOX
AS,ZRI
AS,TIM
AS,EWI
AF,WAD
AS,AMI
AS,BMU
AS,DPS
AS,LOP
AS,SWQ
AS,TMC
AS,WGP
AS,LLO
AS,YIA
AS,ARJ
AS,BUI
AS,ZRM
AS,DJJ
AS,LHI
AS,LII
AS,OKL
AS,WAR
AS,SEH
AS,UBR
AS,WMX
AS,MDP
AS,BXD
AS,MKQ
AS,OKQ
AS,KEI
AS,TMH
AS,TJS
AS,DTD
AS,BEJ
AS,BPN
AS,TRK
AS,TSX
AS,BYQ
AS,GLX
AS,PGQ
AS,GTO
AS,NAH
AS,TLI
AS,GEB
AS,KAZ
AS,PLW
AS,MDC
AS,MNA
AS,PSJ
AS,OTI
AS,TTE
AS,LUW
AS,UOL
OC,WAN
AS,BTW
AS,PKN
AS,KBU
AS,TJG
AS,BDJ
AS,PKY
AS,SMQ
AS,AHI
AS,NDA
AS,DOB
AS,MAL
AS,LUV
AS,NRE
AS,LAH
AS,SXK
AS,BJK
AS,SQN
AS,AMQ
AS,NAM
AS,TAX
AS,WBA
AS,MLG
AS,CPF
AS,JOG
AS,SOC
AS,SUB
AS,SRG
AS,SUP
AS,KWB
AS,NTI
AS,RSK
AS,KEQ
AS,FKQ
AS,INX
AS,KNG
AS,RDE
AS,RJM
AS,BXB
AS,MKW
AS,TXM
AS,WSR
AS,BJW
AS,MOF
AS,ENE
AS,RTG
AS,ARD
AS,LBJ
AS,SAU
AS,KOE
AS,BUW
AS,WNI
AS,KSR
AS,MXB
AS,SQR
AS,TTR
AS,KDI
AS,SOQ
NA,WBB
OC,WBC
AS,BTU
AS,BLG
AS,LSM
AS,LGL
AS,KCH
AS,ODN
AS,LMN
AS,MKM
AS,LKH
AS,MUR
AS,BSE
AS,KPI
AS,BKM
AS,MYY
AS,SBW
AS,TGC
AS,LSU
AS,LWY
AS,SGG
AS,BBN
AS,SMM
AS,LDU
AS,TEL
AS,KGU
AS,SXS
AS,BKI
AS,LBU
AS,TMG
AS,GSA
AS,SPE
AS,PAY
AS,RNU
AS,SDK
AS,KUD
AS,TWU
AS,MZV
AS,BWN
NA,WEA
OC,WED
OC,WGU
AF,WGY
OC,WHL
AS,CJN
AS,PKU
AS,DUM
AS,RKO
AS,SEQ
AS,TJB
AS,KJT
AS,BDO
AS,CBN
AS,TSY
EU,WID
AS,BTH
AS,PPR
AS,LMU
AS,TNJ
AS,SIQ
AS,HLP
AS,CXP
AS,PCB
AS,CGK
AS,LLJ
AS,TKG
AS,TFY
AS,GNS
AS,AEG
AS,MES
AS,KNO
AS,DTB
AS,SIW
AS,FLZ
AS,TJQ
AS,NPO
AS,KTG
AS,MWK
AS,NTX
AS,PNK
AS,PSU
AS,SQG
AS,DJB
AS,BUU
AS,PGK
AS,BKS
AS,PLM
AS,PDO
AS,RGT
AS,PDG
AS,MPC
AS,KLQ
AS,PXA
AS,TPK
AS,SBG
AS,MEQ
AS,TXE
AS,LSX
AS,LSW
AS,BTJ
NA,JBK
AS,SXT
AS,MEP
AS,SWY
AS,TPG
AS,TOD
AS,AOR
AS,BWH
AS,KBR
AS,KUA
AS,KTE
AS,IPH
AS,JHB
AS,KUL
AS,LGK
AS,MKZ
AS,TGG
AS,PEN
AS,PKG
AS,RDN
AS,SZB
NA,DTR
OC,WNU
AS,AUT
AS,UAI
AS,DIL
AS,BCH
AS,MPT
AS,OEC
AS,VIQ
AS,ABU
AS,LKA
AS,RTI
AS,SGQ
AS,LBW
AS,BXT
AS,NNX
AS,TNB
AS,LPU
AS,SZH
OC,WSA
AS,QPG
AS,TGA
NA,WSB
NA,UGI
NA,WSM
AS,XSP
AS,SIN
OC,WTT
OC,WUV
NA,GWV
AS,WZQ
NA,MNI
NA,MPB
NA,XBB
OC,XBN
SA,XIG
AS,XLO
AS,XMA
EU,MUC
AS,XNG
AS,XRQ
EU,LNX
AS,XVL
NA,XXZ
AS,XZM
NA,UKN
OC,ALH
OC,ABG
OC,AWN
OC,AUD
NA,YAJ
OC,MRP
OC,AXL
OC,AXC
OC,ADO
OC,AMX
OC,AMT
OC,WLP
OC,AYL
OC,ABH
NA,YAQ
OC,ARY
OC,GYL
OC,ARM
OC,AAB
OC,AUU
OC,AWP
OC,AVG
OC,AYQ
OC,AYR
OC,ACF
OC,ABM
OC,BCI
OC,ASP
OC,BDD
OC,BKP
OC,BBE
OC,BNE
OC,OOL
OC,BKQ
OC,CNS
OC,CTL
OC,BDW
OC,BXG
OC,BVI
OC,BXF
OC,BTX
OC,BEE
OC,OCM
OC,BQW
NA,YBH
OC,BHQ
OC,HTI
OC,BEU
OC,BIW
OC,BZP
NA,YBJ
OC,BRK
OC,BUC
OC,BLN
OC,LCN
OC,BLS
OC,BQB
OC,ISA
OC,MCY
OC,BFC
OC,MKY
OC,BNK
OC,BSJ
OC,GIC
OC,OKY
OC,BQL
OC,BMP
OC,PPP
NA,YBQ
OC,ROK
OC,BOX
OC,BME
OC,BZD
OC,BTD
OC,BWQ
OC,BYP
OC,BHS
OC,BRT
OC,TSV
OC,BLT
OC,BVW
OC,BDB
OC,BUY
OC,BIP
OC,ZBO
OC,WEI
OC,BCK
OC,WTB
OC,BWB
OC,BVZ
OC,CTR
OC,CGV
OC,CLH
OC,CVQ
OC,CSI
OC,CAZ
OC,COJ
OC,CBY
OC,CBI
OC,CPD
OC,CRB
OC,CCL
OC,CNC
OC,CNJ
OC,CBX
OC,CUD
OC,CED
OC,CVC
NA,YCF
OC,CFI
OC,CFH
OC,CQP
OC,LLG
OC,CRH
OC,CKW
OC,CXT
OC,DCN
OC,CKI
OC,CTN
OC,CMQ
OC,CMA
OC,CML
OC,NIF
OC,CES
OC,CNB
OC,ODL
OC,CUQ
OC,CIE
OC,OOM
OC,CDA
OC,CWW
OC,CFP
OC,CYG
OC,CXQ
OC,CDQ
OC,KCE
OC,CMD
OC,CUG
OC,CUY
OC,CJF
OC,CWR
OC,CCW
OC,CWT
OC,COY
OC,DJR
OC,DBY
OC,DRN
OC,DNB
OC,DRB
OC,DFP
OC,DGD
OC,DNG
OC,DXD
OC,DKI
OC,DLK
OC,DNQ
OC,DDN
OC,DLV
OC,DYW
OC,DMD
OC,DVR
OC,NLF
OC,DRD
OC,DVP
OC,DPO
OC,DOX
OC,DRY
OC,DHD
OC,DRR
OC,SRR
OC,DKV
OC,DYA
AS,WDA
OC,ECH
OC,EUC
OC,ETD
OC,ENB
OC,EIH
OC,ELC
OC,EKD
OC,EMD
OC,YEQ
OC,EDD
OC,ERB
OC,ERQ
OC,EPR
OC,EVD
OC,EVH
OC,EXM
OC,FRB
OC,KFE
OC,FLY
OC,FLS
OC,FVL
OC,FIK
OC,FOS
OC,FVR
OC,FOT
OC,FIZ
OC,GBP
OC,GAH
OC,GBL
OC,GUH
OC,GOO
OC,GDD
OC,GGD
OC,GTS
NA,YGE
OC,GET
OC,GFN
OC,GBW
OC,GBV
OC,GKL
OC,GLT
OC,GUL
OC,GLG
OC,GEX
OC,GLI
OC,GLM
NA,YGN
OC,GFE
OC,GVP
OC,GPD
OC,GPN
OC,GSC
OC,GTE
OC,GFF
OC,GTT
OC,GEE
OC,GYP
OC,HWK
OC,HXX
OC,HVB
OC,HUB
OC,HRY
OC,HIP
OC,HIG
OC,HID
OC,HLL
OC,HCQ
OC,HMG
OC,HLT
OC,HOK
OC,MHU
OC,HTU
OC,HPE
OC,HSM
OC,HAT
OC,HGD
OC,IDK
OC,IFL
OC,IFF
OC,IGH
OC,IKP
OC,INJ
OC,INM
OC,IVW
OC,ISI
OC,IVR
OC,JAB
OC,JUN
OC,QJD
OC,JCK
OC,JUR
OC,UBU
OC,KDB
OC,KAX
OC,KBY
OC,KBJ
OC,KCS
OC,KRA
OC,KNS
OC,KBB
OC,KFG
OC,KOH
OC,KKP
OC,KRB
OC,KML
OC,KPS
OC,KNI
OC,KWM
OC,KPP
OC,KGY
OC,KGC
NA,YKT
OC,KUG
OC,KRD
OC,LWH
OC,LGH
OC,LNO
OC,LEL
OC,LFP
OC,LDH
OC,IRG
OC,LTP
OC,LIB
OC,LDC
OC,LSY
OC,LNH
OC,BBL
OC,LKD
OC,LOC
OC,LOA
OC,LTV
NA,YLP
OC,LUU
OC,LHG
OC,LRE
OC,LUT
OC,LER
OC,LVO
OC,TGN
OC,LZR
OC,UBB
OC,AVV
OC,ABX
OC,MRG
OC,MBB
OC,XMC
OC,MFP
OC,MLR
OC,DGE
OC,MQA
OC,MNW
OC,MKR
OC,MEB
OC,MIM
OC,MLV
OC,MGT
OC,MNG
OC,GSN
OC,MGV
OC,MQZ
OC,MVU
OC,HBA
OC,MHO
OC,MCV
OC,MQL
OC,XML
OC,MIH
OC,MTQ
OC,MJP
OC,WLE
OC,LST
OC,MBW
OC,WUI
OC,MEL
OC,MMM
OC,MTL
OC,WME
OC,ONR
OC,MSF
OC,OXY
OC,MMG
OC,OOR
OC,MRZ
OC,MET
OC,MIN
OC,MQE
OC,MOV
OC,RRE
OC,MWB
OC,MYA
OC,MTD
OC,MIY
OC,UTB
OC,MGB
OC,ONG
OC,MNQ
OC,MUQ
OC,MNE
OC,MYI
OC,MVK
OC,MUP
OC,MKV
OC,MXU
OC,MWT
OC,MXD
OC,MBH
OC,RTY
OC,NMR
OC,NRA
OC,NAA
OC,RPM
OC,NBH
OC,NLS
OC,NKB
OC,NMP
OC,NPP
OC,NAC
OC,NRG
OC,QRM
OC,RVT
OC,NSV
OC,NSM
AS,YNT
OC,NTN
OC,NUR
OC,NLL
OC,NUB
OC,UTD
OC,ZNE
OC,NYN
OC,OPI
NA,YOI
OC,XCO
OC,OLP
OC,ONS
OC,ODD
OC,MOO
OC,RBS
OC,OAG
OC,ODR
OC,OSO
OC,OYN
OC,ADL
OC,PUG
OC,PMK
OC,PBO
AS,CCK
OC,PDN
OC,PDE
OC,DRW
OC,PRD
OC,BEO
OC,GOV
OC,PPI
OC,JAD
OC,KTA
OC,KGI
OC,PKE
OC,PKT
OC,KNX
OC,PLO
OC,LEA
OC,PXH
OC,EDR
OC,PQQ
OC,PEY
OC,PTJ
OC,PHE
OC,PER
OC,PEA
OC,KTR
OC,UMR
AS,XCH
OC,UIR
NA,YQJ
OC,ULP
OC,UEE
OC,RRV
NA,YRC
NA,YRD
OC,RMK
OC,RCM
OC,RAM
OC,ROH
OC,RBU
OC,RBC
OC,RMA
OC,RPB
OC,RSB
OC,RTS
OC,RTP
OC,RHL
OC,NDS
OC,BWU
OC,CBR
OC,WCD
OC,CFS
OC,CDU
OC,NSO
OC,SQC
OC,DBO
OC,SGO
OC,SIX
OC,ZGL
OC,SGP
OC,MJK
OC,JHQ
OC,SHT
OC,SBR
OC,SIO
OC,SHU
OC,STH
OC,SNB
OC,NLK
OC,NOA
OC,SNH
OC,SCG
OC,SHQ
OC,KSV
OC,XRH
OC,SRN
OC,SYD
OC,HLS
OC,STF
OC,TMW
OC,SSP
OC,WGA
OC,SWH
OC,SWC
OC,XTR
OC,TBL
OC,XTO
OC,TAQ
AS,PYX
OC,TBK
OC,TDR
OC,TQP
OC,TEF
OC,TEM
OC,TAN
OC,XTG
OC,TDN
OC,TYG
OC,TYB
OC,TKY
OC,PHQ
OC,TUM
OC,TYP
OC,TXR
OC,THG
OC,TCA
OC,TCW
OC,TRO
OC,TTX
NA,YTU
OC,TWB
AS,YTY
OC,UDA
OC,CZY
OC,USL
OC,VCD
OC,VNR
OC,WAU
OC,WLA
OC,WAV
OC,WMB
OC,SYU
OC,WIO
OC,WLC
OC,WAZ
OC,WND
OC,WRN
OC,WNR
OC,WON
OC,MFL
OC,WGT
OC,WYA
OC,WSY
OC,WIT
OC,WKB
OC,WGE
OC,NTL
OC,WUN
OC,WPK
OC,WDI
OC,WOL
OC,WLL
OC,QRR
OC,SXE
OC,WLO
OC,WIN
OC,WUD
OC,WEW
OC,WRW
OC,WWI
OC,WWY
OC,WYN
OC,BWT
AS,YYA
OC,YLG
OC,OKR
OC,KYF
OC,XMY
OC,YUE
OC,NGA
OC,ORR
OC,KYI
NA,KKI
NA,BCC
NA,JBT
NA,CZP
NA,KBW
NA,KBC
NA,CZC
AF,HPR
AF,ULX
AF,TDT
AF,HZV
AF,KHO
AF,MBM
AF,INY
AF,TSD
AF,SSX
AF,KIG
AS,PEK
AS,PKX
AS,CDE
AS,CIF
AS,CIH
AS,BPE
AS,DSN
AS,DAT
AS,ERL
AS,YIE
AS,HDG
AS,HET
AS,HUO
EU,ZBK
AS,HLD
AS,LFQ
AS,LLV
AS,NZH
AS,NAY
AS,BAV
AS,SJW
AS,TSN
AS,TGO
AS,UCB
AS,WUA
AS,HLH
AS,XIL
AS,XNT
AS,WUT
AS,YCU
AS,TYN
AS,RLK
AS,NZL
AS,ZDY
OC,ZEN
AS,BHY
AS,CGD
AS,HJJ
AS,DYG
AS,CAN
AS,CSX
AS,HCJ
AS,SHF
AS,HNY
AS,KWL
AS,LLF
AS,MXZ
AS,NNG
AS,SWA
AS,ZUH
AS,WGN
AS,SZX
AS,WUZ
AS,XIN
AS,LZH
AS,ZHA
AS,AYN
AS,CGO
AS,ENH
AS,LHK
AS,WUH
AS,LYA
AS,NNY
AS,HPG
AS,SHS
AS,WDS
AS,XFN
AS,YIH
AS,ZIZ
AS,HAK
AS,BAR
AS,SYX
AS,FNJ
AS,DSO
AS,WOS
AS,AKA
AS,DNH
AS,HXD
AF,ZLG
AS,GOQ
AS,GYU
AS,HTT
AS,HZG
AS,YEH
AS,JNG
AS,JGN
AS,LHW
AS,LNL
AS,IQN
AS,SIA
AS,GXH
AS,XNN
AS,XIY
AS,ENY
AS,UYN
AS,ZHY
AS,AVK
AS,LTI
AS,BYN
AS,UGA
AS,UGT
AS,HBU
AS,UUN
AS,COQ
AS,UBN
SA,ZMD
AS,ULZ
AS,DLZ
AS,KHR
AS,HJT
AS,HVD
AS,MXV
AS,TSZ
AS,TNZ
AS,ULN
AS,ULO
AS,ULG
NA,ZNC
NA,ZNU
AS,CWJ
AS,DLU
AS,DIG
AS,JHG
AS,JMJ
AS,LJG
AS,LUM
AS,KMG
AS,SYM
AS,WNH
AS,ZAT
AS,XMN
AS,AQG
AS,BFU
AS,CZX
AS,KHN
AS,FUG
AS,FOC
AS,KOW
AS,HGH
AS,JDZ
AS,JIU
AS,TNA
AS,JUZ
AS,LCX
AS,LYG
AS,HYN
AS,LYI
AS,NGB
AS,NKG
AS,HFE
AS,PVG
AS,TAO
AS,JJN
AS,RUG
AS,RIZ
AS,SHA
AS,SZV
AS,TXN
AS,WEF
AS,WEH
AS,WHU
AS,WUX
AS,WUS
AS,WNZ
AS,XUZ
AS,YTY
AS,YIC
AS,YNZ
AS,YIW
AS,HSN
AS,NGQ
AS,AVA
AS,BPX
AS,BFJ
AS,CKG
AS,DCY
AS,DAX
AS,GHN
AS,GYS
AS,KWE
AS,JZH
AS,KGT
AS,KJH
AS,LLB
AS,LIA
AS,LXA
AS,LZO
AS,UNR
AS,WMT
AS,MIG
AS,NAO
AS,HZH
AS,LZY
AS,LPF
AS,TCZ
AS,TEN
AS,CTU
AS,WXN
AS,XIC
AS,YBP
AS,ACX
AS,ZYI
AS,AKU
AS,BPL
AS,IQM
AS,FYN
AS,HMI
AS,KCA
AS,KRL
AS,KRY
AS,KJI
AS,NLT
AS,RQA
AS,QSZ
AS,KHG
AS,SXJ
AS,TCG
AS,HTN
AS,TLQ
AS,URC
AS,YIN
AS,AOG
AS,CGQ
AS,CNI
AS,CHG
AS,DTU
AS,FYJ
AS,HRB
AS,HEK
AS,JIL
AS,JMU
AS,JSJ
AS,JXA
AS,JNZ
AS,LDS
AS,YUS
AS,MDG
AS,OHE
AS,NDG
AS,YSQ
AS,DLC
AS,TNH
AS,SHE
AS,YNJ
AS,YKH
